Label,Japanese
NAME_8_30,た゛いち
NAME_8_70,はっか-1
NAME_8_B0,くろいかけ゛
NAME_8_F0,コックリ
NAME_8_130,ハ゛ンハ゛ン
NAME_8_170,ヤケ゛
NAME_8_1B0,サッキィ
NAME_8_1F0,カツ
NAME_8_230,シミシミ
NAME_8_270,コッコ
NAME_8_2B0,シ゛ュッヘ゜
NAME_8_2F0,ウッキィ
NAME_8_330,トックリ
NAME_8_370,ツ-ムラ
NAME_8_3B0,ヤノッチ
NAME_8_3F0,テ゛ク
NAME_8_430,スキ゛スキ゛
NAME_8_470,ハ゜ックリ
NAME_8_4B0,ク-チャ
NAME_8_4F0,キムチ
NAME_8_530,イカリン
NAME_8_570,チャコ
NAME_8_5B0,トコ
NAME_8_5F0,ウエニョン
NAME_8_630,オ-チ
NAME_8_670,チクリ
NAME_8_6B0,ノンチ
NAME_8_6F0,サオリン
NAME_8_730,ア-チャン
NAME_8_770,カクエ-
NAME_8_7B0,KK
NAME_8_7F0,ロウヤヌシ
NAME_8_830,てんいん
NAME_8_870,てんちょう
NAME_8_8B0,カミセンふ゛ちょう
NAME_8_8F0,かけ゛のふ゛か
NAME_8_930,サハ゛-カ
NAME_8_970,ロッシュ
NAME_8_9B0,ヘ゛ンケ-
NAME_8_9F0,フ゛ラフ゛
NAME_8_A30,スト-ミ-
NAME_8_A70,アル-ミア
NAME_8_AB0,ろうやのは゛んにん
NAME_8_AF0,カ゛ルテ゛ン
NAME_8_B30,カ゛-ト゛マン
NAME_8_B70,カ゛-ト゛マン
NAME_8_BB0,まちのひと
NAME_8_BF0,まちのひと
NAME_8_C30,ウェルテ゛ハイト゛A
NAME_8_C70,ウェルテ゛ハイト゛A
NAME_8_CB0,ウェルテ゛ハイト゛A
NAME_8_CF0,ウェルテ゛ハイト゛A
NAME_8_D30,ウェルテ゛ハイト゛A
NAME_8_D70,ウェルテ゛ハイト゛B
NAME_8_DB0,ウェルテ゛ハイト゛B
NAME_8_DF0,ウェルテ゛ハイト゛B
NAME_8_E30,ウェルテ゛ハイト゛B
NAME_8_E70,ウェルテ゛ハイト゛B
NAME_8_EB0,ウェルテ゛ハイト゛C
NAME_8_EF0,ウェルテ゛ハイト゛C
NAME_8_F30,ウェルテ゛ハイト゛C
NAME_8_F70,ウェルテ゛ハイト゛C
NAME_8_FB0,ウェルテ゛ハイト゛C
NAME_8_FF0,ハッカ-
NAME_8_1030,ハッカ-
NAME_8_1070,シ-ルト゛
NAME_8_10B0,シ-ルト゛
NAME_8_10F0,シ-ルト゛
NAME_8_1130,シ-ルト゛
NAME_8_1170,シ-ルト゛
NAME_8_11B0,シ-ルト゛
NAME_8_11F0,シ-ルト゛
NAME_8_1230,シ-ルト゛
NAME_8_1270,シ-ルト゛
NAME_8_12B0,シ-ルト゛
NAME_8_12F0,FE
NAME_8_1330,FE
NAME_8_1370,FE
NAME_8_13B0,FE
NAME_8_13F0,FE
NAME_8_1430,FE
NAME_8_1470,FE
NAME_8_14B0,FE
NAME_8_14F0,FE
NAME_8_1530,FE
NAME_8_1570,FE
NAME_8_15B0,STING
NAME_8_15F0,RUGER
NAME_8_1630,JANK
NAME_8_1670,STING
NAME_8_16B0,STING
NAME_8_16F0,STING
NAME_8_1730,STING
NAME_8_1770,STING
NAME_8_17B0,STING
NAME_8_17F0,STING
NAME_8_1830,STING
NAME_8_1870,STING
NAME_8_18B0,STING
NAME_8_18F0,STING
NAME_8_1930,STING
NAME_8_1970,FE
NAME_8_19B0,TAHIRO
NAME_8_19F0,TAHIRO
NAME_8_1A30,RUGER
NAME_8_1A70,RUGER
NAME_8_1AB0,RUGER
NAME_8_1AF0,RUGER
NAME_8_1B30,RUGER
NAME_8_1B70,RUGER
NAME_8_1BB0,RUGER
NAME_8_1BF0,RUGER
NAME_8_1C30,RUGER
NAME_8_1C70,RUGER
NAME_8_1CB0,TAHIRO
NAME_8_1CF0,TAHIRO
NAME_8_1D30,TAHIRO
NAME_8_1D70,JANK
NAME_8_1DB0,JANK
NAME_8_1DF0,FE
NAME_8_1E30,FE
NAME_8_1E70,FE
NAME_8_1EB0,FE
NAME_8_1EF0,FE
NAME_8_1F30,FE
NAME_8_1F70,FE
NAME_8_1FB0,FE
NAME_8_1FF0,FE
NAME_8_2030,FE
NAME_8_2070,FE
NAME_8_20B0,STING
NAME_8_20F0,RUGER
NAME_8_2130,RUGER
NAME_8_2170,JANK
NAME_8_21B0,STING
NAME_8_21F0,STING
NAME_8_2230,STING
NAME_8_2270,STING
NAME_8_22B0,STING
NAME_8_22F0,STING
NAME_8_2330,STING
NAME_8_2370,STING
NAME_8_23B0,STING
NAME_8_23F0,STING
NAME_8_2430,STING
NAME_8_2470,STING
NAME_8_24B0,FE
NAME_8_24F0,TAHIRO
NAME_8_2530,TAHIRO
NAME_8_2570,RUGER
NAME_8_25B0,RUGER
NAME_8_25F0,RUGER
NAME_8_2630,RUGER
NAME_8_2670,RUGER
NAME_8_26B0,RUGER
NAME_8_26F0,RUGER
NAME_8_2730,RUGER
NAME_8_2770,RUGER
NAME_8_27B0,RUGER
NAME_8_27F0,TAHIRO
NAME_8_2830,TAHIRO
NAME_8_2870,TAHIRO
NAME_8_28B0,JANK
NAME_8_28F0,JANK
NAME_8_2930,TAHIRO
NAME_8_2970,TAHIRO
NAME_8_29B0,TAHIRO
NAME_8_29F0,TAHIRO
NAME_8_2A30,TAHIRO
NAME_8_2A70,TAHIRO
NAME_8_2AB0,TAHIRO
NAME_8_2AF0,TAHIRO
NAME_8_2B30,TAHIRO
NAME_8_2B70,TAHIRO
NAME_8_2BB0,TAHIRO
NAME_8_2BF0,TAHIRO
NAME_8_2C30,TAHIRO
NAME_8_2C70,JANK
NAME_8_2CB0,JANK
NAME_8_2CF0,JANK
NAME_8_2D30,JANK
NAME_8_2D70,FE
NAME_8_2DB0,FE
NAME_8_2DF0,FE
NAME_8_2E30,FE
NAME_8_2E70,STING
NAME_8_2EB0,STING
NAME_8_2EF0,STING
NAME_8_2F30,STING
NAME_8_2F70,RUGER
NAME_8_2FB0,RUGER
NAME_8_2FF0,RUGER
NAME_8_3030,RUGER
NAME_8_3070,TAHIRO
NAME_8_30B0,TAHIRO
NAME_8_30F0,TAHIRO
NAME_8_3130,TAHIRO
NAME_8_3170,JANK
NAME_8_31B0,JANK
NAME_8_31F0,JANK
NAME_8_3230,JANK
NAME_8_3270,JANK
NAME_8_32B0,JANK
NAME_8_32F0,JANK
NAME_8_3330,JANK
NAME_8_3370,JANK
NAME_8_33B0,JANK
NAME_8_33F0,JANK
NAME_8_3430,JANK
NAME_8_3470,JANK
NAME_8_34B0,JANK
NAME_8_34F0,JANK
NAME_8_3530,JANK
NAME_8_3570,JANK
NAME_8_35B0,JANK
NAME_8_35F0,JANK
NAME_8_3630,JANK
NAME_8_3670,JANK
NAME_8_36B0,JANK
NAME_8_36F0,JANK
NAME_8_3730,JANK
NAME_8_3770,JANK
NAME_8_37B0,JANK
NAME_8_37F0,JANK
NAME_8_3830,JANK
NAME_8_3870,JANK
NAME_8_38B0,JANK
NAME_8_38F0,JANK
NAME_8_3930,JANK
NAME_8_3970,JANK
NAME_8_39B0,JANK
NAME_8_39F0,JANK
NAME_8_3A30,JANK
NAME_8_3A70,JANK
NAME_8_3AB0,JANK
NAME_8_3AF0,JANK
NAME_8_3B30,JANK
NAME_8_3B70,JANK
NAME_8_3BB0,JANK
NAME_8_3BF0,JANK
NAME_8_3C30,JANK
NAME_8_3C70,JANK
NAME_8_3CB0,JANK
NAME_8_3CF0,JANK
NAME_8_3D30,JANK
NAME_8_3D70,JANK
NAME_8_3DB0,JANK
NAME_8_3DF0,JANK
NAME_8_3E30,JANK
NAME_8_3E70,JANK
NAME_8_3EB0,JANK
NAME_8_3EF0,JANK
NAME_8_3F30,JANK
NAME_8_3F70,JANK
NAME_8_3FB0,JANK
