Symbol,Japanese
NAME_9_30,た゛いち
NAME_9_70,はっか-1
NAME_9_B0,くろいかけ゛
NAME_9_F0,コックリ
NAME_9_130,ハ゛ンハ゛ン
NAME_9_170,ヤケ゛
NAME_9_1B0,サッキィ
NAME_9_1F0,カツ
NAME_9_230,シミシミ
NAME_9_270,コッコ
NAME_9_2B0,シ゛ュッヘ゜
NAME_9_2F0,ウッキィ
NAME_9_330,トックリ
NAME_9_370,ツ-ムラ
NAME_9_3B0,ヤノッチ
NAME_9_3F0,テ゛ク
NAME_9_430,スキ゛スキ゛
NAME_9_470,ハ゜ックリ
NAME_9_4B0,ク-チャ
NAME_9_4F0,キムチ
NAME_9_530,イカリン
NAME_9_570,チャコ
NAME_9_5B0,トコ
NAME_9_5F0,ウエニョン
NAME_9_630,オ-チ
NAME_9_670,チクリ
NAME_9_6B0,ノンチ
NAME_9_6F0,サオリン
NAME_9_730,ア-チャン
NAME_9_770,カクエ-
NAME_9_7B0,KK
NAME_9_7F0,ロウヤヌシ
NAME_9_830,てんいん
NAME_9_870,てんちょう
NAME_9_8B0,カミセンふ゛ちょう
NAME_9_8F0,かけ゛のふ゛か
NAME_9_930,サハ゛-カ
NAME_9_970,ロッシュ
NAME_9_9B0,ヘ゛ンケ-
NAME_9_9F0,フ゛ラフ゛
NAME_9_A30,スト-ミ-
NAME_9_A70,アル-ミア
NAME_9_AB0,ろうやのは゛んにん
NAME_9_AF0,カ゛ルテ゛ン
NAME_9_B30,カ゛-ト゛マン
NAME_9_B70,カ゛-ト゛マン
NAME_9_BB0,まちのひと
NAME_9_BF0,まちのひと
NAME_9_C30,ウェルテ゛ハイト゛A
NAME_9_C70,ウェルテ゛ハイト゛A
NAME_9_CB0,ウェルテ゛ハイト゛A
NAME_9_CF0,ウェルテ゛ハイト゛A
NAME_9_D30,ウェルテ゛ハイト゛A
NAME_9_D70,ウェルテ゛ハイト゛B
NAME_9_DB0,ウェルテ゛ハイト゛B
NAME_9_DF0,ウェルテ゛ハイト゛B
NAME_9_E30,ウェルテ゛ハイト゛B
NAME_9_E70,ウェルテ゛ハイト゛B
NAME_9_EB0,ウェルテ゛ハイト゛C
NAME_9_EF0,ウェルテ゛ハイト゛C
NAME_9_F30,ウェルテ゛ハイト゛C
NAME_9_F70,ウェルテ゛ハイト゛C
NAME_9_FB0,ウェルテ゛ハイト゛C
NAME_9_FF0,ハッカ-
NAME_9_1030,ハッカ-
NAME_9_1070,シ-ルト゛
NAME_9_10B0,シ-ルト゛
NAME_9_10F0,シ-ルト゛
NAME_9_1130,シ-ルト゛
NAME_9_1170,シ-ルト゛
NAME_9_11B0,シ-ルト゛
NAME_9_11F0,シ-ルト゛
NAME_9_1230,シ-ルト゛
NAME_9_1270,シ-ルト゛
NAME_9_12B0,シ-ルト゛
NAME_9_12F0,FE
NAME_9_1330,FE
NAME_9_1370,FE
NAME_9_13B0,FE
NAME_9_13F0,FE
NAME_9_1430,FE
NAME_9_1470,FE
NAME_9_14B0,FE
NAME_9_14F0,FE
NAME_9_1530,FE
NAME_9_1570,FE
NAME_9_15B0,STING
NAME_9_15F0,RUGER
NAME_9_1630,JANK
NAME_9_1670,STING
NAME_9_16B0,STING
NAME_9_16F0,STING
NAME_9_1730,STING
NAME_9_1770,STING
NAME_9_17B0,STING
NAME_9_17F0,STING
NAME_9_1830,STING
NAME_9_1870,STING
NAME_9_18B0,STING
NAME_9_18F0,STING
NAME_9_1930,STING
NAME_9_1970,FE
NAME_9_19B0,TAHIRO
NAME_9_19F0,TAHIRO
NAME_9_1A30,RUGER
NAME_9_1A70,RUGER
NAME_9_1AB0,RUGER
NAME_9_1AF0,RUGER
NAME_9_1B30,RUGER
NAME_9_1B70,RUGER
NAME_9_1BB0,RUGER
NAME_9_1BF0,RUGER
NAME_9_1C30,RUGER
NAME_9_1C70,RUGER
NAME_9_1CB0,TAHIRO
NAME_9_1CF0,TAHIRO
NAME_9_1D30,TAHIRO
NAME_9_1D70,JANK
NAME_9_1DB0,JANK
NAME_9_1DF0,FE
NAME_9_1E30,FE
NAME_9_1E70,FE
NAME_9_1EB0,FE
NAME_9_1EF0,FE
NAME_9_1F30,FE
NAME_9_1F70,FE
NAME_9_1FB0,FE
NAME_9_1FF0,FE
NAME_9_2030,FE
NAME_9_2070,FE
NAME_9_20B0,STING
NAME_9_20F0,RUGER
NAME_9_2130,RUGER
NAME_9_2170,JANK
NAME_9_21B0,STING
NAME_9_21F0,STING
NAME_9_2230,STING
NAME_9_2270,STING
NAME_9_22B0,STING
NAME_9_22F0,STING
NAME_9_2330,STING
NAME_9_2370,STING
NAME_9_23B0,STING
NAME_9_23F0,STING
NAME_9_2430,STING
NAME_9_2470,STING
NAME_9_24B0,FE
NAME_9_24F0,TAHIRO
NAME_9_2530,TAHIRO
NAME_9_2570,RUGER
NAME_9_25B0,RUGER
NAME_9_25F0,RUGER
NAME_9_2630,RUGER
NAME_9_2670,RUGER
NAME_9_26B0,RUGER
NAME_9_26F0,RUGER
NAME_9_2730,RUGER
NAME_9_2770,RUGER
NAME_9_27B0,RUGER
NAME_9_27F0,TAHIRO
NAME_9_2830,TAHIRO
NAME_9_2870,TAHIRO
NAME_9_28B0,JANK
NAME_9_28F0,JANK
NAME_9_2930,TAHIRO
NAME_9_2970,TAHIRO
NAME_9_29B0,TAHIRO
NAME_9_29F0,TAHIRO
NAME_9_2A30,TAHIRO
NAME_9_2A70,TAHIRO
NAME_9_2AB0,TAHIRO
NAME_9_2AF0,TAHIRO
NAME_9_2B30,TAHIRO
NAME_9_2B70,TAHIRO
NAME_9_2BB0,TAHIRO
NAME_9_2BF0,TAHIRO
NAME_9_2C30,TAHIRO
NAME_9_2C70,JANK
NAME_9_2CB0,JANK
NAME_9_2CF0,JANK
NAME_9_2D30,JANK
NAME_9_2D70,FE
NAME_9_2DB0,FE
NAME_9_2DF0,FE
NAME_9_2E30,FE
NAME_9_2E70,STING
NAME_9_2EB0,STING
NAME_9_2EF0,STING
NAME_9_2F30,STING
NAME_9_2F70,RUGER
NAME_9_2FB0,RUGER
NAME_9_2FF0,RUGER
NAME_9_3030,RUGER
NAME_9_3070,TAHIRO
NAME_9_30B0,TAHIRO
NAME_9_30F0,TAHIRO
NAME_9_3130,TAHIRO
NAME_9_3170,JANK
NAME_9_31B0,JANK
NAME_9_31F0,JANK
NAME_9_3230,JANK
NAME_9_3270,JANK
NAME_9_32B0,JANK
NAME_9_32F0,JANK
NAME_9_3330,JANK
NAME_9_3370,JANK
NAME_9_33B0,JANK
NAME_9_33F0,JANK
NAME_9_3430,JANK
NAME_9_3470,JANK
NAME_9_34B0,JANK
NAME_9_34F0,JANK
NAME_9_3530,JANK
NAME_9_3570,JANK
NAME_9_35B0,JANK
NAME_9_35F0,JANK
NAME_9_3630,JANK
NAME_9_3670,JANK
NAME_9_36B0,JANK
NAME_9_36F0,JANK
NAME_9_3730,JANK
NAME_9_3770,JANK
NAME_9_37B0,JANK
NAME_9_37F0,JANK
NAME_9_3830,JANK
NAME_9_3870,JANK
NAME_9_38B0,JANK
NAME_9_38F0,JANK
NAME_9_3930,JANK
NAME_9_3970,JANK
NAME_9_39B0,JANK
NAME_9_39F0,JANK
NAME_9_3A30,JANK
NAME_9_3A70,JANK
NAME_9_3AB0,JANK
NAME_9_3AF0,JANK
NAME_9_3B30,JANK
NAME_9_3B70,JANK
NAME_9_3BB0,JANK
NAME_9_3BF0,JANK
NAME_9_3C30,JANK
NAME_9_3C70,JANK
NAME_9_3CB0,JANK
NAME_9_3CF0,JANK
NAME_9_3D30,JANK
NAME_9_3D70,JANK
NAME_9_3DB0,JANK
NAME_9_3DF0,JANK
NAME_9_3E30,JANK
NAME_9_3E70,JANK
NAME_9_3EB0,JANK
NAME_9_3EF0,JANK
NAME_9_3F30,JANK
NAME_9_3F70,JANK
NAME_9_3FB0,JANK
