Label,Japanese,English,Instructions
STR_6C_DE,せんせい\,せんせい\,(NPCs in Nanohana Town)
STR_6C_E9,「おはよう,「おはよう,
STR_6C_F8, しゅくた゛い\, しゅくた゛い\,
STR_6C_106, わすれないようにね」, わすれないようにね」,
STR_6C_11A,せんせい\,せんせい\,
STR_6C_125,「おはよう,「おはよう,
STR_6C_134, [name]くん\, [name]くん\,
STR_6C_13F, こんと゛こそ\, こんと゛こそ\,
STR_6C_151, しゅくた゛い\, しゅくた゛い\,
STR_6C_15F, わすれいないようにね」, わすれいないようにね」,
STR_6C_196,「おはよう,「おはよう,
STR_6C_1A5, きょうも\, きょうも\,
STR_6C_1B1, け゛んきた゛ね」, け゛んきた゛ね」,
STR_6C_1CE,「おはよう\,「おはよう\,
STR_6C_1DA, [name]くん, [name]くん,
STR_6C_1E8, きょうも\, きょうも\,
STR_6C_1F4, け゛んきた゛ね, け゛んきた゛ね,
STR_6C_206, ラシ゛オたいそうを\, ラシ゛オたいそうを\,
STR_6C_217, しようと, しようと,
STR_6C_226, おもったんた゛か゛\, おもったんた゛か゛\,
STR_6C_237, いくらつけても, いくらつけても,
STR_6C_249, ちっともきこえないんた゛, ちっともきこえないんた゛,
STR_6C_25C, こまったよォ」, こまったよォ」,
STR_6C_278,「[name]くん\,「[name]くん\,
STR_6C_283, て゛んしゃも, て゛んしゃも,
STR_6C_294, し゛と゛うしゃも\, し゛と゛うしゃも\,
STR_6C_2A4, うこ゛かないんた゛, うこ゛かないんた゛,
STR_6C_2B8, これし゛ゃ\, これし゛ゃ\,
STR_6C_2C5, と゛こにもいけないよ」, と゛こにもいけないよ」,
STR_6C_2DA,「おはよう\,「おはよう\,
STR_6C_2E6, [name]くん, [name]くん,
STR_6C_2F4, きょうも\, きょうも\,
STR_6C_300, け゛んきた゛ね」, け゛んきた゛ね」,
STR_6C_334,「なのはなタウンは、\,「なのはなタウンは、\,
STR_6C_345, きょうもへいわた゛」, きょうもへいわた゛」,
STR_6C_364,「なのはなタウンは、\,「なのはなタウンは、\,
STR_6C_375, きょうもへいわた゛, きょうもへいわた゛,
STR_6C_389, とおもったけと゛\, とおもったけと゛\,
STR_6C_399, なんかちょっとヘン」, なんかちょっとヘン」,
STR_6C_3B8,「ウチの\,「ウチの\,
STR_6C_3C3, こと゛もか゛, こと゛もか゛,
STR_6C_3D4, ひ゛ょうきになって、\, ひ゛ょうきになって、\,
STR_6C_3E6, きゅうきゅうしゃを, きゅうきゅうしゃを,
STR_6C_3FA, よほ゛うと\, よほ゛うと\,
STR_6C_407, したんた゛けと゛, したんた゛けと゛,
STR_6C_41A, て゛んわか゛\, て゛んわか゛\,
STR_6C_428, つうし゛ないんた゛!, つうし゛ないんた゛!,
STR_6C_43D, と゛うしよう!」, と゛うしよう!」,
STR_6C_44F,「なのはなタウンは、\,「なのはなタウンは、\,
STR_6C_460, きょうもへいわた゛」, きょうもへいわた゛」,
STR_6C_496,「おとうさんにこんと゛\,「おとうさんにこんと゛\,
STR_6C_4A8, いっは゜いやろうって, いっは゜いやろうって,
STR_6C_4BD, いっておいておくれ」, いっておいておくれ」,
STR_6C_4DC,「zzzzzz・・・」,「zzzzzz・・・」,
STR_6C_4FB,「[name]くん\,「[name]くん\,
STR_6C_506, おかあさんにこんと゛, おかあさんにこんと゛,
STR_6C_51B, いっは゜いやろうって\, いっは゜いやろうって\,
STR_6C_52D, いっておいておくれ, いっておいておくれ,
STR_6C_541, ・・・あれ?\, ・・・あれ?\,
STR_6C_54F, なんかヘンた゛な」, なんかヘンた゛な」,
STR_6C_56D,「[name]くん\,「[name]くん\,
STR_6C_578, いっは゜いやってる, いっは゜いやってる,
STR_6C_58C, は゛あいし゛ゃ\, は゛あいし゛ゃ\,
STR_6C_59B, ないそ゛」, ないそ゛」,
STR_6C_5AA,「おとうさんにこんと゛\,「おとうさんにこんと゛\,
STR_6C_5BC, いっは゜いやろうって, いっは゜いやろうって,
STR_6C_5D1, いっておいておくれ」, いっておいておくれ」,
STR_6C_607,「インターネットか゛\,「インターネットか゛\,
STR_6C_618, はったつして、, はったつして、,
STR_6C_62A, すこ゛く\, すこ゛く\,
STR_6C_636, へ゛んりになったね, へ゛んりになったね,
STR_6C_64A, きみも、\, きみも、\,
STR_6C_656, りようしてる?」, りようしてる?」,
STR_6C_673,「インターネットか゛\,「インターネットか゛\,
STR_6C_684, はったつして、, はったつして、,
STR_6C_696, すこ゛く\, すこ゛く\,
STR_6C_6A2, へ゛んりになったけと゛, へ゛んりになったけと゛,
STR_6C_6B8, さいきん ちょーしか゛, さいきん ちょーしか゛,
STR_6C_6CA, わるくないかい?」, わるくないかい?」,
STR_6C_6E8,「ハ゛ク゛サイトか゛\,「ハ゛ク゛サイトか゛\,
STR_6C_6F9, タ゛メになったら, タ゛メになったら,
STR_6C_70C, このよのなかは\, このよのなかは\,
STR_6C_71B, と゛うなっちゃうん, と゛うなっちゃうん,
STR_6C_72F, た゛ろう」, た゛ろう」,
STR_6C_73E,「インターネットか゛\,「インターネットか゛\,
STR_6C_74F, はったつして、, はったつして、,
STR_6C_761, すこ゛く\, すこ゛く\,
STR_6C_76D, へ゛んりになったね, へ゛んりになったね,
STR_6C_781, ちょっとこわいことも\, ちょっとこわいことも\,
STR_6C_793, あったけと゛・・・」, あったけと゛・・・」,
STR_6C_7C9,「これ、\,「これ、\,
STR_6C_7D4, モハ゛イルっていうのよ, モハ゛イルっていうのよ,
STR_6C_7EA, これさえあれは゛\, これさえあれは゛\,
STR_6C_7FA, かんたんに, かんたんに,
STR_6C_806, , ,
STR_6C_811, インターネットに\, インターネットに\,
STR_6C_821, せつそ゛くて゛きるの, せつそ゛くて゛きるの,
STR_6C_836, へ゛んりて゛しょ」, へ゛んりて゛しょ」,
STR_6C_854,「こくさいて゛んわか゛\,「こくさいて゛んわか゛\,
STR_6C_866, つうし゛ないの, つうし゛ないの,
STR_6C_878, ハ゛ク゛サイトて゛\, ハ゛ク゛サイトて゛\,
STR_6C_889, なにかあったのかな?」, なにかあったのかな?」,
STR_6C_8A9,「このモハ゛イルも\,「このモハ゛イルも\,
STR_6C_8B9, つかえなくなって, つかえなくなって,
STR_6C_8CC, しまうのかしら・・・」, しまうのかしら・・・」,
STR_6C_8E1,「なんとなくねむいな\,「なんとなくねむいな\,
STR_6C_8F2, これも, これも,
STR_6C_900, へいわな\, へいわな\,
STR_6C_90C, しょうこかな」, しょうこかな」,
STR_6C_93F,「アクセスホ゜イント\,「アクセスホ゜イント\,
STR_6C_950, っていう ところから, っていう ところから,
STR_6C_965, インターネットの\, インターネットの\,
STR_6C_975, せかいに, せかいに,
STR_6C_984, せつそ゛くか゛\, せつそ゛くか゛\,
STR_6C_993, て゛きるんた゛, て゛きるんた゛,
STR_6C_9A5, おっと\, おっと\,
STR_6C_9B0, インターネットの, インターネットの,
STR_6C_9C3, せかいは\, せかいは\,
STR_6C_9CF, ハ゛ク゛サイトって, ハ゛ク゛サイトって,
STR_6C_9E3, いうんた゛ったっけ\, いうんた゛ったっけ\,
STR_6C_9F4, しつれいしつれい」, しつれいしつれい」,
STR_6C_A12,「アクセスホ゜イント\,「アクセスホ゜イント\,
STR_6C_A23, からきみょうなおとか゛, からきみょうなおとか゛,
STR_6C_A39, するんた゛けと゛\, するんた゛けと゛\,
STR_6C_A49, なにかあったのか?」, なにかあったのか?」,
STR_6C_A68,「アクセスホ゜イントも\,「アクセスホ゜イントも\,
STR_6C_A7A, こわれている, こわれている,
STR_6C_A8B, みたいた゛」, みたいた゛」,
STR_6C_A9B,「やっと もとのくらしに,「やっと もとのくらしに,
STR_6C_AAD, もと゛れるんた゛ね」, もと゛れるんた゛ね」,
STR_6C_AE3,「おかあさんに\,「おかあさんに\,
STR_6C_AF1, やきたてのハ゜ンを, やきたてのハ゜ンを,
STR_6C_B05, と゛うそ゛って\, と゛うそ゛って\,
STR_6C_B14, いっておいてくれ」, いっておいてくれ」,
STR_6C_B32,「[name]くん\,「[name]くん\,
STR_6C_B3D, なんかハ゜ンか゛まの, なんかハ゜ンか゛まの,
STR_6C_B52, ちょーしか゛\, ちょーしか゛\,
STR_6C_B60, わるいんた゛, わるいんた゛,
STR_6C_B71, と゛うしたんた゛ろう」, と゛うしたんた゛ろう」,
STR_6C_B91,「[name]くん,「[name]くん,
STR_6C_B9F, せかいか゛おわりかと\, せかいか゛おわりかと\,
STR_6C_BB1, おもうと、, おもうと、,
STR_6C_BC1, ハ゜ンを やくきにも\, ハ゜ンを やくきにも\,
STR_6C_BD3, なれないよ」, なれないよ」,
STR_6C_BE3,「[name]くん\,「[name]くん\,
STR_6C_BEE, おかあさんに, おかあさんに,
STR_6C_BFB, , ,
STR_6C_C06, やきたてのハ゜ンを\, やきたてのハ゜ンを\,
STR_6C_C17, と゛うそ゛って, と゛うそ゛って,
STR_6C_C29, いっておいてくれ」, いっておいてくれ」,
STR_6C_C5E,「ヘイ、にーちゃん、\,「ヘイ、にーちゃん、\,
STR_6C_C6F, きょうもけ゛んきに, きょうもけ゛んきに,
STR_6C_C83, おと゛ってるかい?」, おと゛ってるかい?」,
STR_6C_CA2,「おっ、にーちゃん\,「おっ、にーちゃん\,
STR_6C_CB2, きょうは, きょうは,
STR_6C_CC1, ちょっとちか゛うね」, ちょっとちか゛うね」,
STR_6C_CE0,「ヘイ、にーちゃん、\,「ヘイ、にーちゃん、\,
STR_6C_CF1, きょうもけ゛んきに, きょうもけ゛んきに,
STR_6C_D05, おと゛ってるかい?, おと゛ってるかい?,
STR_6C_D19, オレはなんか、け゛んき, オレはなんか、け゛んき,
STR_6C_D2B, し゛ゃないみたい・・・」, し゛ゃないみたい・・・」,
STR_6C_D4C,「ヘイ、にーちゃん、\,「ヘイ、にーちゃん、\,
STR_6C_D5D, おと゛るきもちにも, おと゛るきもちにも,
STR_6C_D71, なれないよ」, なれないよ」,
STR_6C_D81,「ヘイ、にーちゃん、\,「ヘイ、にーちゃん、\,
STR_6C_D92, きょうもけ゛んきに, きょうもけ゛んきに,
STR_6C_DA6, おと゛ってるかい?」, おと゛ってるかい?」,
,,,
STR_6D_B8,「あさはやくから\,「あさはやくから\,(NPCs in north Nanohana town)
STR_6D_C7, シ゛ョキ゛ンク゛?, シ゛ョキ゛ンク゛?,
STR_6D_DB, えらいわねぇ」, えらいわねぇ」,
STR_6D_F7,「あら、\,「あら、\,
STR_6D_102, [name]くん, [name]くん,
STR_6D_110, し゛ゃ\, し゛ゃ\,
STR_6D_11B, こ゛さ゛いませんの, こ゛さ゛いませんの,
STR_6D_12F, あさはやくから\, あさはやくから\,
STR_6D_13E, おさんほ゜?, おさんほ゜?,
STR_6D_14F, かんしんねぇ」, かんしんねぇ」,
STR_6D_16B,「あら、\,「あら、\,
STR_6D_176, [name]くん, [name]くん,
STR_6D_184, せかいか゛おわりた゛\, せかいか゛おわりた゛\,
STR_6D_196, とおもうと, とおもうと,
STR_6D_1A6, はなすきにも\, はなすきにも\,
STR_6D_1B4, なれないわ」, なれないわ」,
STR_6D_1C4,「あさはやくから\,「あさはやくから\,
STR_6D_1D3, シ゛ョキ゛ンク゛?, シ゛ョキ゛ンク゛?,
STR_6D_1E7, えらいわねぇ」, えらいわねぇ」,
STR_6D_21A,「おい、シ゛ロシ゛ロ\,「おい、シ゛ロシ゛ロ\,
STR_6D_22B, みてんし゛ゃねーそ゛」, みてんし゛ゃねーそ゛」,
STR_6D_24B,「か゛っこうさほ゛って\,「か゛っこうさほ゛って\,
STR_6D_25D, わりーかよ」, わりーかよ」,
STR_6D_278,「おい、\,「おい、\,
STR_6D_283, カ゛ンとは゛してん, カ゛ンとは゛してん,
STR_6D_297, し゛ゃねーそ゛」, し゛ゃねーそ゛」,
STR_6D_2B4,「もっとシ゛ロシ゛ロ\,「もっとシ゛ロシ゛ロ\,
STR_6D_2C5, みてもいーそ゛, みてもいーそ゛,
STR_6D_2D7, と゛うせ せかいは\, と゛うせ せかいは\,
STR_6D_2E8, おわりなんた゛からさ」, おわりなんた゛からさ」,
STR_6D_2FD,「おい、シ゛ロシ゛ロ\,「おい、シ゛ロシ゛ロ\,
STR_6D_30E, みてんし゛ゃねーそ゛」, みてんし゛ゃねーそ゛」,
STR_6D_345,「ねふ゛そくた゛と\,「ねふ゛そくた゛と\,
STR_6D_355, おけしょうののりか゛, おけしょうののりか゛,
STR_6D_36A, わるいわね」, わるいわね」,
STR_6D_385,「きょうは\,「きょうは\,
STR_6D_391, あつぬりしたから, あつぬりしたから,
STR_6D_3A4, おはた゛もまっしろよ」, おはた゛もまっしろよ」,
STR_6D_3C4,「せかいか゛おわりなら\,「せかいか゛おわりなら\,
STR_6D_3D6, おけしょうののりなんか, おけしょうののりなんか,
STR_6D_3EC, きにしないわ」, きにしないわ」,
STR_6D_3FD,「ねふ゛そくた゛と\,「ねふ゛そくた゛と\,
STR_6D_40D, おけしょうののりか゛, おけしょうののりか゛,
STR_6D_422, わるいわね」, わるいわね」,
STR_6D_454,「ああ、いそか゛しい\,「ああ、いそか゛しい\,
STR_6D_465, いそか゛しい」, いそか゛しい」,
STR_6D_481,「ああ、いそか゛しい\,「ああ、いそか゛しい\,
STR_6D_492, いそか゛しい, いそか゛しい,
STR_6D_4A3, いそか゛しいって\, いそか゛しいって\,
STR_6D_4B3, いうのもいそか゛しい」, いうのもいそか゛しい」,
STR_6D_4D3,「ああ、いそか゛しい\,「ああ、いそか゛しい\,
STR_6D_4E4, いそか゛しい, いそか゛しい,
STR_6D_4F5, わたしはさいこ゛まて゛, わたしはさいこ゛まて゛,
STR_6D_507, いそか゛しい?」, いそか゛しい?」,
STR_6D_519,「ああ、いそか゛しい\,「ああ、いそか゛しい\,
STR_6D_52A, いそか゛しい, いそか゛しい,
STR_6D_53B, わたしは さいこ゛まて゛, わたしは さいこ゛まて゛,
STR_6D_54E, いそか゛しいのか・・・」, いそか゛しいのか・・・」,
STR_6D_586,「ネットのせかいって\,「ネットのせかいって\,
STR_6D_597, いったいと゛んなところ, いったいと゛んなところ,
STR_6D_5AD, なんた゛ろうなあ」, なんた゛ろうなあ」,
STR_6D_5CB,「ネットのせかいって\,「ネットのせかいって\,
STR_6D_5DC, いいところ, いいところ,
STR_6D_5EC, なんた゛ろうなァ」, なんた゛ろうなァ」,
STR_6D_60A,「ネットのせかいに\,「ネットのせかいに\,
STR_6D_61A, いきたかったなァ・・・, いきたかったなァ・・・,
STR_6D_630, て゛ももうゆめか・・・」, て゛ももうゆめか・・・」,
STR_6D_646,「ネットのせかいって\,「ネットのせかいって\,
STR_6D_657, たのしいところた゛よね, たのしいところた゛よね,
STR_6D_66D, きっと」, きっと」,
STR_6D_69D,「ねえ、\,「ねえ、\,
STR_6D_6A8, ハ゛ク゛って\, ハ゛ク゛って\,
STR_6D_6BA, と゛こに\, と゛こに\,
STR_6D_6C6, いるのかしら?」, いるのかしら?」,
STR_6D_6E3,「ねえねえ、ハ゛ク゛って,「ねえねえ、ハ゛ク゛って,
STR_6D_6F5, ホントはと゛こにいるの?, ホントはと゛こにいるの?,
STR_6D_70B,「ねえねえねえねえ\,「ねえねえねえねえ\,
STR_6D_71F, ハ゛ク゛ってと゛こに\, ハ゛ク゛ってと゛こに\,
STR_6D_731, いるの?」, いるの?」,
STR_6D_762,「えんのしたとか、\,「えんのしたとか、\,
STR_6D_772, コ゛ミハ゛コのなかとか, コ゛ミハ゛コのなかとか,
STR_6D_788, にいるのよ」, にいるのよ」,
STR_6D_7A3,「コンヒ゛ニの\,「コンヒ゛ニの\,
STR_6D_7B1, レシ゛のよこに, レシ゛のよこに,
STR_6D_7C3, おいてあるんて゛しょ」, おいてあるんて゛しょ」,
STR_6D_7D8,「たふ゛ん、\,「たふ゛ん、\,
STR_6D_7E5, れいそ゛うこのなかよ」, れいそ゛うこのなかよ」,
,,,
STR_6E_92,「あふ゛ないから\,「あふ゛ないから\,
STR_6E_A1, うみのほうへ, うみのほうへ,
STR_6E_B2, いっちゃいけないよ」, いっちゃいけないよ」,
STR_6E_D1,「きょうは\,「きょうは\,
STR_6E_DD, きれいなおねーさんか゛, きれいなおねーさんか゛,
STR_6E_F3, きてる\, きてる\,
STR_6E_FE, ウヒヒヒヒヒ」, ウヒヒヒヒヒ」,
STR_6E_11A,「あーあ\,「あーあ\,
STR_6E_125, おんなのこたち, おんなのこたち,
STR_6E_137, いなくなっちゃったよ\, いなくなっちゃったよ\,
STR_6E_149, カ゛ッカリさ」, カ゛ッカリさ」,
STR_6E_165,「あふ゛ないから\,「あふ゛ないから\,
STR_6E_174, うみのほうへ, うみのほうへ,
STR_6E_185, いっちゃいけないよ」, いっちゃいけないよ」,
STR_6E_199,「ヒ゛キニのこたちは\,「ヒ゛キニのこたちは\,
STR_6E_1AA, へいわになって, へいわになって,
STR_6E_1BC, ハワイへいっちゃったよ\, ハワイへいっちゃったよ\,
STR_6E_1CF, トホホホ」, トホホホ」,
STR_6E_200,「うみはひろいな\,「うみはひろいな\,
STR_6E_20F, おおきいな」, おおきいな」,
STR_6E_22A,「おんなのこ\,「おんなのこ\,
STR_6E_237, いないし゛ゃんか」, いないし゛ゃんか」,
STR_6E_24A,「うみはひろいな\,「うみはひろいな\,
STR_6E_259, おおきいな」, おおきいな」,
STR_6E_28B,「せっかくナンハ゜しに\,「せっかくナンハ゜しに\,
STR_6E_29D, きたのに・・・, きたのに・・・,
STR_6E_2AF, た゛れもいないや」, た゛れもいないや」,
STR_6E_2CD,「おかしいなあ・・・\,「おかしいなあ・・・\,
STR_6E_2DE, さっきまて゛いたのに」, さっきまて゛いたのに」,
STR_6E_2F3,「こと゛もはすなあそひ゛\,「こと゛もはすなあそひ゛\,
STR_6E_306, て゛もしてるほうか゛, て゛もしてるほうか゛,
STR_6E_31B, えになるね」, えになるね」,
STR_6E_34D,「こんなあさはやくから\,「こんなあさはやくから\,
STR_6E_35F, うみにきて, うみにきて,
STR_6E_36F, と゛ーすんのよ」, と゛ーすんのよ」,
STR_6E_38C,「せっかくのやすみなのに\,「せっかくのやすみなのに\,
STR_6E_39F, おとこのこいない, おとこのこいない,
STR_6E_3B2, し゛ゃない!」, し゛ゃない!」,
,,,
STR_6F_61,「ふねか゛\,"「ふねか゛\
 て゛ないんた゛
 なんて゛も\
 ふねのうんこうを
 かんりしている\
 コンヒ゜ューターか゛
 くるったとかて゛\
 しょうとつし゛こか゛
 つつ゛いたらしい」",(NPCs in the harbor)
STR_6F_6D, て゛ないんた゛,,
STR_6F_7F, なんて゛も\,,
STR_6F_8C, ふねのうんこうを,,
STR_6F_9F, かんりしている\,,
STR_6F_AE, コンヒ゜ューターか゛,,
STR_6F_BF, ,,
STR_6F_CA, くるったとかて゛\,,
STR_6F_DA, しょうとつし゛こか゛,,
STR_6F_EF, つつ゛いたらしい」,,
STR_6F_119,「こんなことになったのも,"「こんなことになったのも
 ふねのうんこうを
 かんりしている\
 スティンク゛の
 コンヒ゜ューターか゛\
 おかしくなったから
 らしいせ゛」",
STR_6F_12B, ふねのうんこうを,,
STR_6F_13E, かんりしている\,,
STR_6F_14D, スティンク゛の,,
STR_6F_15F, コンヒ゜ューターか゛\,,
STR_6F_171, おかしくなったから,,
STR_6F_185, らしいせ゛」,,
STR_6F_1B7,「あーあ、ひまて゛\,「あーあ、ひまて゛\,
STR_6F_1C7, しょーか゛ねーや」, しょーか゛ねーや」,
STR_6F_1E5,「カ゛ーテ゛ィアンの\,「カ゛ーテ゛ィアンの\,
STR_6F_1F6, おかけ゛て゛, おかけ゛て゛,
STR_6F_207, また、ふねに\, また、ふねに\,
STR_6F_215, のれるように なったよ」, のれるように なったよ」,
STR_6F_22B,「へいわになって、\,「へいわになって、\,
STR_6F_23B, ひるねしてたら、, ひるねしてたら、,
STR_6F_24E, ふねに のりそこね\, ふねに のりそこね\,
STR_6F_25F, ちまった・・・」, ちまった・・・」,
,,,
STR_70_A5,「と゛こか、こわれていた,「と゛こか、こわれていた,(NPCs in school?)
STR_70_B7, まと゛か゛, まと゛か゛,
STR_70_C7, あったはす゛\, あったはす゛\,
STR_70_D5, た゛けと゛・・・」, た゛けと゛・・・」,
STR_70_F3,「やっと、きょうしつに\,「やっと、きょうしつに\,
STR_70_105, はいれるそ゛!!」, はいれるそ゛!!」,
STR_70_118,「はやくきゅうしょく\,「はやくきゅうしょく\,
STR_70_129, こないかな」, こないかな」,
STR_70_15B,「カ゛ーテ゛ィアンの\,「カ゛ーテ゛ィアンの\,
STR_70_16C, ひとたちか゛, ひとたちか゛,
STR_70_17D, いま か゛っこうへ\, いま か゛っこうへ\,
STR_70_18E, むかってるってさ」, むかってるってさ」,
STR_70_1A1,「はやく、トイレ!!\,「はやく、トイレ!!\,
STR_70_1B2, もれちゃうよー!」, もれちゃうよー!」,
STR_70_1E7,「あーあ、このまま\,「あーあ、このまま\,
STR_70_1F7, し゛ゅき゛ょうか゛, し゛ゅき゛ょうか゛,
STR_70_20B, なくなるといいのに」, なくなるといいのに」,
STR_70_22A,「しゅくた゛いを\,「しゅくた゛いを\,
STR_70_239, やってないや!, やってないや!,
STR_70_24B, と゛うしよう!!」, と゛うしよう!!」,
STR_70_25E,「きのうは しゅくた゛い,「きのうは しゅくた゛い,
STR_70_270, なした゛ったよね」, なした゛ったよね」,
STR_70_2A5,「と゛うしてきょうしつに,「と゛うしてきょうしつに,
STR_70_2B7, はいれないの?」, はいれないの?」,
STR_70_2D4,「し゛けんか゛\,「し゛けんか゛\,
STR_70_2E2, かいけつしちゃった, かいけつしちゃった,
STR_70_2F6, おやすみになると\, おやすみになると\,
STR_70_306, おもったのに, おもったのに,
STR_70_317, さ゛んねん・・・」, さ゛んねん・・・」,
STR_70_32A,「はやくにちようひ゛\,「はやくにちようひ゛\,
STR_70_33B, こないかな, こないかな,
STR_70_34B, おやすみた゛もん」, おやすみた゛もん」,
STR_70_380,せんせい\,せんせい\,
STR_70_38B,「きょうしつに,「きょうしつに,
STR_70_39C, はいれないからって、, はいれないからって、,
STR_70_3B1, か゛っこうからて゛ちゃ\, か゛っこうからて゛ちゃ\,
STR_70_3C4, た゛めよ」, た゛めよ」,
STR_70_3DE,せんせい\,せんせい\,
STR_70_3E9,「さあ、はやく,「さあ、はやく,
STR_70_3FA, きょうしつに\, きょうしつに\,
STR_70_408, はいって!, はいって!,
STR_70_418, [name]くん、\, [name]くん、\,
STR_70_424, しゅくた゛い, しゅくた゛い,
STR_70_435, やってるよね?」, やってるよね?」,
STR_70_447,せんせい\,せんせい\,
STR_70_452,「[name]くん,「[name]くん,
STR_70_460, しゅくた゛い\, しゅくた゛い\,
STR_70_46E, やってるよね?, やってるよね?,
STR_70_480, あっ、きょうは\, あっ、きょうは\,
STR_70_48F, しゅくた゛いなし, しゅくた゛いなし,
STR_70_4A2, た゛ったわ」, た゛ったわ」,
STR_70_4C3,「た゛れもいない?\,「た゛れもいない?\,
STR_70_4D3, もうし゛ゅき゛ょうか゛, もうし゛ゅき゛ょうか゛,
STR_70_4E9, はし゛まっちゃった?\, はし゛まっちゃった?\,
STR_70_4FB, とおもったら, とおもったら,
STR_70_50C, きょうはにちようひ゛\, きょうはにちようひ゛\,
STR_70_51E, た゛った」, た゛った」,
,,,
STR_71_61,「きゅうに\,「きゅうに\,
STR_71_6D, て゛んわか゛, て゛んわか゛,
STR_71_7E, つなか゛らなく\, つなか゛らなく\,
STR_71_8D, なっちゃった。, なっちゃった。,
STR_71_9F, せっかく\, せっかく\,
STR_71_AB, ショーハ゛イの, ショーハ゛イの,
STR_71_BD, はなしを\, はなしを\,
STR_71_C9, してたのに・・・」, してたのに・・・」,
STR_71_F3,「ひこうきも\,「ひこうきも\,
STR_71_100, とは゛ないらしいんた゛, とは゛ないらしいんた゛,
STR_71_116, しんこんりょこうにも\, しんこんりょこうにも\,
STR_71_128, いけないんた゛」, いけないんた゛」,
STR_71_151,「テレヒ゛て゛\,「テレヒ゛て゛\,
STR_71_15F, タクヤか゛うつったと, タクヤか゛うつったと,
STR_71_174, おもったら、\, おもったら、\,
STR_71_182, きえちゃった!!, きえちゃった!!,
STR_71_195, クヤシー!」, クヤシー!」,
,,,
STR_72_87,「ここは\,"「ここは\
 アミラント゛た゛よ。
 4た゛いきき゛ょうの\
 1つ、FEメーカーか゛
 このラント゛や\
 まわりのエリアを
 かんりしているんた゛」",(NPCs in Amiland)
STR_72_92, アミラント゛た゛よ。,,
STR_72_A7, 4た゛いきき゛ょうの\,,
STR_72_B9, 1つ、FEメーカーか゛,,
STR_72_CF, このラント゛や\,,
STR_72_DE, まわりのエリアを,,
STR_72_F1, かんりしているんた゛」,,
STR_72_11D,「こちとら\,"「こちとら\
 いそか゛しいんた゛!
 フラフラ\
 あるいてるんし゛ゃねぇ」",
STR_72_129, いそか゛しいんた゛!,,
STR_72_13E, フラフラ\,,
STR_72_14A, あるいてるんし゛ゃねぇ」,,
STR_72_182,「あの たてものか゛\,"「あの たてものか゛\
 FEメーカーの
 ほんふ゛ヒ゛ル、\
 つうしょうFEヒ゛ルさ
 さいきん、\
 きゅうに けいひ゛か゛
 きひ゛しく\
 なったんた゛。
 いままて゛いりく゛ちに
 カ゛ート゛マンなんて
 いなかったのに・・・。
 なにかあったのかな?」",
STR_72_193, FEメーカーの,,
STR_72_1A5, ほんふ゛ヒ゛ル、\,,
STR_72_1B5, つうしょうFEヒ゛ルさ,,
STR_72_1CB, さいきん、\,,
STR_72_1D8, きゅうに けいひ゛か゛,,
STR_72_1EE, きひ゛しく\,,
STR_72_1FB, なったんた゛。,,
STR_72_20D, いままて゛いりく゛ちに,,
STR_72_21F, カ゛ート゛マンなんて,,
STR_72_234, いなかったのに・・・。,,
STR_72_246, なにかあったのかな?」,,
STR_72_25B,「あの たてものか゛\,"「あの たてものか゛\
 FEメーカーの
 ほんふ゛ヒ゛ル、\
 つうしょうFEヒ゛ルさ
 へいわになって、\
 カ゛ート゛マンも
 ひつよう\
 なくなったんた゛」",
STR_72_26C, FEメーカーの,,
STR_72_27E, ほんふ゛ヒ゛ル、\,,
STR_72_28E, つうしょうFEヒ゛ルさ,,
STR_72_2A4, へいわになって、\,,
STR_72_2B4, カ゛ート゛マンも,,
STR_72_2C7, ひつよう\,,
STR_72_2D3, なくなったんた゛」,,
STR_72_32B,「ここのおすすめは\ ,"「ここのおすすめは\ 
 た゛よ」",This line inserts a random shop item.
STR_72_37F, た゛よ」,,
STR_72_3A4,「ねえ、うわさに\,"「ねえ、うわさに\
 きいたんた゛けと゛
 オトナのひとしか\
 はいれない
 みせに\
 はいるには
 とくへ゛つなアイテムか゛
 いるらしいよ」",
STR_72_3B3, きいたんた゛けと゛,,
STR_72_3C7, オトナのひとしか\,,
STR_72_3D7, はいれない,,
STR_72_3E7, みせに\,,
STR_72_3F2, はいるには,,
STR_72_402, とくへ゛つなアイテムか゛,,
STR_72_415, いるらしいよ」,,
,,,
STR_73_B8,「ここは\,"「ここは\
 アミラント゛にある
 テクノエリアって\
 いうところさ
 インターネットせかいに
 あるまちさ","(NPCs in Ami Techno area, post-prologue)"
STR_73_C3, アミラント゛にある,,
STR_73_D7, テクノエリアって\,,
STR_73_E7, いうところさ,,
STR_73_F8, インターネットせかいに,,
STR_73_10A, あるまちさ,,
STR_73_119,「ウェルテ゛ハイト゛を\,"「ウェルテ゛ハイト゛を\
 たいし゛してくれた
 おかけ゛て゛\
 へいわになったよ",
STR_73_12B, たいし゛してくれた,,
STR_73_13F, おかけ゛て゛\,,
STR_73_14D, へいわになったよ,,
STR_73_17D, ハ゛ク゛サイトについて," ハ゛ク゛サイトについて
 しりたいかい?」",asks yes/no
STR_73_18F, しりたいかい?」,,
STR_73_1DF,「ハ゛ク゛サイトって\,"「ハ゛ク゛サイトって\
 いうのは、
 インターネットのなかに
 あるせかいて゛
 おおきく4つに\
 わかれているんた゛
 りくけい きき゛ょう\
 FEメーカーの
 アミラント゛と\
 そのエリア、
 うみけい きき゛ょう\
 スティンク゛メーカーの
 シーラント゛と\
 そのエリア、
 そらけい きき゛ょう\
 ルカ゛ーメーカーの
 エアラント゛と\
 そのエリア、
 エネルキ゛ーきき゛ょう
 タヒロメーカーの
 エナシ゛ーラント゛や\
 そのエリアか゛
 おおきな\
 4つのせかいさ
 ここはアミテクノエリア
 た゛から、
 アミラント゛の\
 FEメーカーか゛
 かんりしている\
 テクノエリアってわけさ」",-> yes
STR_73_1F0, いうのは、,,
STR_73_200, インターネットのなかに,,
STR_73_212, あるせかいて゛,,
STR_73_224, おおきく4つに\,,
STR_73_233, わかれているんた゛,,
STR_73_247, りくけい きき゛ょう\,,
STR_73_259, FEメーカーの,,
STR_73_26B, アミラント゛と\,,
STR_73_27A, そのエリア、,,
STR_73_28B, うみけい きき゛ょう\,,
STR_73_29D, スティンク゛メーカーの,,
STR_73_2B3, シーラント゛と\,,
STR_73_2C2, そのエリア、,,
STR_73_2D3, そらけい きき゛ょう\,,
STR_73_2E5, ルカ゛ーメーカーの,,
STR_73_2F9, エアラント゛と\,,
STR_73_308, そのエリア、,,
STR_73_319, エネルキ゛ーきき゛ょう,,
STR_73_32B, タヒロメーカーの,,
STR_73_33E, エナシ゛ーラント゛や\,,
STR_73_350, そのエリアか゛,,
STR_73_362, おおきな\,,
STR_73_36E, 4つのせかいさ,,
STR_73_380, ここはアミテクノエリア,,
STR_73_392, た゛から、,,
STR_73_3A2, アミラント゛の\,,
STR_73_3B1, FEメーカーか゛,,
STR_73_3C4, かんりしている\,,
STR_73_3D3, テクノエリアってわけさ」,,
STR_73_3E9,「ききたくなったら\,"「ききたくなったら\
 また はなしかけてよ」",-> no
STR_73_3F9, また はなしかけてよ」,,
STR_73_40E, ハ゛ク゛サイトにも\," ハ゛ク゛サイトにも\
 へいわか゛もと゛って
 めて゛たしめて゛たし\
 た゛ね!」",
STR_73_41F, へいわか゛もと゛って,,
STR_73_434, めて゛たしめて゛たし\,,
STR_73_446, た゛ね!」,,
STR_73_478,「ハッカーって\,"「ハッカーって\
 しってる?」",asks yes/no
STR_73_486, しってる?」,,
STR_73_4D4,「おまえのように、\,"「おまえのように、\
 け゛んし゛つせかいから
 ハ゛ク゛サイトに\
 はいってくる
 ヤツらのことを\
 ハッカーというんた゛。
 ハッカーには\
 いろんなヤツらか゛いる。
 いいヤツは゛かりとは\
 かき゛らないせ゛。
 ムホウモノとかいう\
 ヤツらはとくにキケンた゛
 ハ゛トルか゛したくて\
 ウロウロしてるからな
 きをつけたほうか゛\
 いいそ゛」",-> no
STR_73_4E4, け゛んし゛つせかいから,,
STR_73_4FA, ハ゛ク゛サイトに\,,
STR_73_50A, はいってくる,,
STR_73_51B, ヤツらのことを\,,
STR_73_52A, ハッカーというんた゛。,,
STR_73_540, ハッカーには\,,
STR_73_54E, いろんなヤツらか゛いる。,,
STR_73_565, いいヤツは゛かりとは\,,
STR_73_577, かき゛らないせ゛。,,
STR_73_58B, ムホウモノとかいう\,,
STR_73_59C, ヤツらはとくにキケンた゛,,
STR_73_5B3, ハ゛トルか゛したくて\,,
STR_73_5C5, ウロウロしてるからな,,
STR_73_5DA, きをつけたほうか゛\,,
STR_73_5EB, いいそ゛」,,
STR_73_5FA,「そうた゛よな\,"「そうた゛よな\
 ハ゛ク゛サイトに\
 はいって きてるん
 た゛から、しってて\
 とうせ゛んた゛よな」",-> yes
STR_73_60C, ハ゛ク゛サイトに\,,
STR_73_61C, はいって きてるん,,
STR_73_630, た゛から、しってて\,,
STR_73_641, とうせ゛んた゛よな」,,
STR_73_655,「ムホウモノも\,「ムホウモノも\,
STR_73_663, いなくなって, いなくなって,
STR_73_674, ちょっひ゜り\, ちょっひ゜り\,
STR_73_682, さみしいな」, さみしいな」,
STR_73_6E9,「ここのてんちょうは\,「ここのてんちょうは\,
STR_73_6FA, あいそか゛わるいけと゛, あいそか゛わるいけと゛,
STR_73_710, しなものはいいよ, しなものはいいよ,
STR_73_723, きょうは\ , きょうは\ ,
STR_73_76F,か゛,か゛,
STR_73_77B, おすすめかな」, おすすめかな」,
STR_73_7D1,「ここのしょうにんは\,「ここのしょうにんは\,
STR_73_7E2, ハ゛ク゛サイトを, ハ゛ク゛サイトを,
STR_73_7F5, まわってめす゛らしい\, まわってめす゛らしい\,
STR_73_807, しなものをあつめて, しなものをあつめて,
STR_73_81B, くるんた゛\, くるんた゛\,
STR_73_82C, おあすすめもあるけと゛, おあすすめもあるけと゛,
STR_73_83E, なかには、, なかには、,
STR_73_84E, ひと゛いのもあるから\, ひと゛いのもあるから\,
STR_73_860, きをつけたほうか゛, きをつけたほうか゛,
STR_73_874, いいよ\, いいよ\,
STR_73_883, ほ゛くのおすすめは\, ほ゛くのおすすめは\,
STR_73_8D3,かな」\,かな」\,
,,,
STR_74_9A,「ここは、\,"「ここは、\
 アミラント゛の
 サファリエリアた゛
 ここには、\
 やせいのハ゛ク゛か゛
 ウヨウヨ\
 しているから、
 ト゛ント゛ン\
 ハ゛トルして、
 たくさんのハ゛ク゛を\
 つかまえるといいよ」",(NPCs in Ami Safari Area)
STR_74_A6, アミラント゛の,,
STR_74_B8, サファリエリアた゛,,
STR_74_CC, ここには、\,,
STR_74_D9, やせいのハ゛ク゛か゛,,
STR_74_EE, ウヨウヨ\,,
STR_74_FA, しているから、,,
STR_74_10C, ト゛ント゛ン\,,
STR_74_11A, ハ゛トルして、,,
STR_74_12C, たくさんのハ゛ク゛を\,,
STR_74_13E, つかまえるといいよ」,,
STR_74_169,「ここの\,"「ここの\
 サファリエリアには
 おもに FEメーカーの
 ハ゛ク゛か゛いるんた゛
 もし、ワクチンか゛\
 なくなったら、
 そこのショッフ゜て゛\
 かってくるといいよ」",
STR_74_174, サファリエリアには,,
STR_74_188, おもに FEメーカーの,,
STR_74_19A, ハ゛ク゛か゛いるんた゛,,
STR_74_1B0, もし、ワクチンか゛\,,
STR_74_1C1, なくなったら、,,
STR_74_1D3, そこのショッフ゜て゛\,,
STR_74_1E5, かってくるといいよ」,,
STR_74_210,「せっかくハ゛ク゛を\,"「せっかくハ゛ク゛を\
 つかまえても
 チッフ゜か゛ないと\
 ハ゜ーティに
 くみこめないから、\
 チッフ゜は いつも
 おおめに もって\
 おいたほうか゛いいよ」",
STR_74_221, つかまえても,,
STR_74_232, チッフ゜か゛ないと\,,
STR_74_243, ハ゜ーティに,,
STR_74_254, くみこめないから、\,,
STR_74_265, チッフ゜は いつも,,
STR_74_279, おおめに もって\,,
STR_74_289, おいたほうか゛いいよ」,,
STR_74_2C8,「リョウキンヲ\,「リョウキンヲ\,
STR_74_2D6, ハラッテクタ゛サイ\, ハラッテクタ゛サイ\,
STR_74_2EB, ニュウシ゛ョウリョウハ, ニュウシ゛ョウリョウハ,
STR_74_301,はらいますか?,はらいますか?,
STR_74_319,「ト゛ウソ゛,「ト゛ウソ゛,
STR_74_325, オハイリクタ゛サイ」, オハイリクタ゛サイ」,
STR_74_339,「マタ ト゛ウソ゛」,「マタ ト゛ウソ゛」,
,,,
STR_75_74,「アミラント゛へ\,"「アミラント゛へ\
 ようこそー!
 このヒ゛ルは\
 FEメーカーか゛
 かんりして\
 おりまーす。
 け゛んし゛つせかいの\
 ちし゛ょうにある、
 コンヒ゜ューターは\
 すへ゛て このヒ゛ルの
 おくし゛ょうにある\
 アンテナて゛
 かんりして\
 いるんて゛すよ」",(NPCs in Trinity Building)
STR_75_83, ようこそー!,,
STR_75_94, このヒ゛ルは\,,
STR_75_A2, FEメーカーか゛,,
STR_75_B5, かんりして\,,
STR_75_C2, おりまーす。,,
STR_75_D3, け゛んし゛つせかいの\,,
STR_75_E5, ちし゛ょうにある、,,
STR_75_F9, コンヒ゜ューターは\,,
STR_75_10A, すへ゛て このヒ゛ルの,,
STR_75_120, おくし゛ょうにある\,,
STR_75_131, アンテナて゛,,
STR_75_142, かんりして\,,
STR_75_14F, いるんて゛すよ」,,
STR_75_178,「このヒ゛ルのなかにも\,"「このヒ゛ルのなかにも\
 ハ゛ク゛か゛いるよ。
 さきに すすむなら\
 ワクチンを
 もっていったほうか゛\
 いいかもね」",
STR_75_18A, ハ゛ク゛か゛いるよ。,,
STR_75_19F, さきに すすむなら\,,
STR_75_1B0, ワクチンを,,
STR_75_1C0, もっていったほうか゛\,,
STR_75_1D2, いいかもね」,,
STR_75_204,「さいきん、ヘンな\,"「さいきん、ヘンな\
 うわさを きいたよ。
 ききたいかい?」\",asks yes/no
STR_75_214, うわさを きいたよ。,,
STR_75_229, ききたいかい?」\,,
STR_75_27A,「あたらしく はいった\,"「あたらしく はいった\
 カミセンってヤツか゛
 このヒ゛ルを かんり\
 しているんた゛けと゛、
 なんて゛も\
 ウェルテ゛ハイト゛と
 かんけいか゛あるらしい
 って、はなした゛よ。
 そういえは゛\
 このヒ゛ルに
 カ゛ート゛マンか゛\
 つくようになったのも
 カミセンか゛きてから\
 なんた゛よなあ」",-> yes
STR_75_28C, カミセンってヤツか゛,,
STR_75_2A1, このヒ゛ルを かんり\,,
STR_75_2B3, しているんた゛けと゛、,,
STR_75_2C9, なんて゛も\,,
STR_75_2D6, ウェルテ゛ハイト゛と,,
STR_75_2EB, かんけいか゛あるらしい,,
STR_75_2FD, って、はなした゛よ。,,
STR_75_312, そういえは゛\,,
STR_75_320, このヒ゛ルに,,
STR_75_331, カ゛ート゛マンか゛\,,
STR_75_342, つくようになったのも,,
STR_75_357, カミセンか゛きてから\,,
STR_75_369, なんた゛よなあ」,,
STR_75_37B,「そうかい、\,"「そうかい、\
 ききたくなったら、\
 いつて゛も\
 こえをかけてくれよ」\",-> no
STR_75_388, ききたくなったら、\,,
STR_75_39D, いつて゛も\,,
STR_75_3AA, こえをかけてくれよ」\,,
STR_75_3BF,「へいわに なったけと゛,「へいわに なったけと゛,
STR_75_3D1, ヒマに なっちゃった」, ヒマに なっちゃった」,
STR_75_3FD,「FEヒ゛ルの\,"「FEヒ゛ルの\
 しくみ、しりたい?",asks yes/no
STR_75_40B, しくみ、しりたい?,,
STR_75_45C,「みき゛の ほうに\,"「みき゛の ほうに\
 ちかにつうし゛る
 いりく゛ちか゛あるよ。
 そこから\
 このヒ゛ルの
 ないふ゛に\
 いけるはす゛さ。
 FEヒ゛ルの\
 ないふ゛は、
 エレヘ゛ーターか゛\
 いくつもあって、
 けっこう\
 ふくさ゛つなんた゛。
 きをつけたほうか゛\
 いいよ」",-> yes
STR_75_46C, ちかにつうし゛る,,
STR_75_47F, いりく゛ちか゛あるよ。,,
STR_75_495, そこから\,,
STR_75_4A1, このヒ゛ルの,,
STR_75_4B2, ないふ゛に\,,
STR_75_4BF, いけるはす゛さ。,,
STR_75_4D2, FEヒ゛ルの\,,
STR_75_4E0, ないふ゛は、,,
STR_75_4F1, エレヘ゛ーターか゛\,,
STR_75_502, いくつもあって、,,
STR_75_515, けっこう\,,
STR_75_521, ふくさ゛つなんた゛。,,
STR_75_536, きをつけたほうか゛\,,
STR_75_547, いいよ」,,
STR_75_555,「きいておいたほうか゛\,"「きいておいたほうか゛\
 いいとおもうよ」",-> no
STR_75_567, いいとおもうよ」,,
,,,
STR_76_AD,「ここは、FEの\,"「ここは、FEの\
 ハ゜ヒ゛リオンて゛す。
 かくコーナーのまえに\
 せっちしてある
 ホ゛イスマシンの\
 スイッチをおすと
 せつめいか゛\
 なか゛れますのて゛、
 こ゛りようくた゛さい」",(NPCs in FE Pavilion)
STR_76_BC, ハ゜ヒ゛リオンて゛す。,,
STR_76_D2, かくコーナーのまえに\,,
STR_76_E4, せっちしてある,,
STR_76_F6, ホ゛イスマシンの\,,
STR_76_106, スイッチをおすと,,
STR_76_119, せつめいか゛\,,
STR_76_127, なか゛れますのて゛、,,
STR_76_13C, こ゛りようくた゛さい」,,
STR_76_168,FEは、ハ゛ク゛サイト\,"FEは、ハ゛ク゛サイト\
4た゛いきき゛ょうのひとつて゛
おもに、りくけいの\
コンヒ゜ューターかんり、うんえいを
まかされています。\",
STR_76_17A,4た゛いきき゛ょうのひとつて゛,,
STR_76_193,おもに、りくけいの\,,
STR_76_1A3,コンヒ゜ューターかんり、うんえいを,,
STR_76_1BE,まかされています。\,,
STR_76_1E8,FEは、し゛と゛うしゃや\,"FEは、し゛と゛うしゃや\
てつと゛うのうんえいにかんする
ハ゛ク゛をあつかっております\
たとえは゛し゛と゛うしゃの
みちあんないや、\
てつと゛うのし゛こくひょうなと゛
みなさまの せいかつの\
おやくに たっています
",
STR_76_1FB,てつと゛うのうんえいにかんする,,
STR_76_214,ハ゛ク゛をあつかっております\,,
STR_76_229,たとえは゛し゛と゛うしゃの,,
STR_76_240,みちあんないや、\,,
STR_76_24F,てつと゛うのし゛こくひょうなと゛,,
STR_76_269,みなさまの せいかつの\,,
STR_76_27B,おやくに たっています,,
STR_76_2A6,FEの ほんふ゛は\,"FEの ほんふ゛は\
このアミラント゛にある
FEヒ゛ルて゛す。
FEヒ゛ルの\
さいし゛ょうかいにある
アンテナて゛\
ちし゛ょうのコンヒ゜ューターを
すへ゛て かんりしています",
STR_76_2B6,このアミラント゛にある,,
STR_76_2CB,FEヒ゛ルて゛す。,,
STR_76_2DE,FEヒ゛ルの\,,
STR_76_2EB,さいし゛ょうかいにある,,
STR_76_300,アンテナて゛\,,
STR_76_30D,ちし゛ょうのコンヒ゜ューターを,,
STR_76_326,すへ゛て かんりしています,,
STR_76_353,「あれぇ、FEっちゅう\,"「あれぇ、FEっちゅう\
 かいしゃは、
 ほんとに\
 と゛えれえかいしゃた゛」",
STR_76_365, かいしゃは、,,
STR_76_376, ほんとに\,,
STR_76_382, と゛えれえかいしゃた゛」,,
STR_76_3AF,「あんた、と゛こから\,"「あんた、と゛こから\
 きなすった?
 ワシはエアラント゛\
 からた゛」",
STR_76_3C0, きなすった?,,
STR_76_3D1, ワシはエアラント゛\,,
STR_76_3E2, からた゛」,,
STR_76_408,「ねえねえ\,"「ねえねえ\
 カ゛ーテ゛ィアンって
 FEも つくった\
 かいしゃの
 1つた゛って\
 しってた?」",
STR_76_414, カ゛ーテ゛ィアンって,,
STR_76_429, FEも つくった\,,
STR_76_439, かいしゃの,,
STR_76_449, 1つた゛って\,,
STR_76_457, しってた?」,,
,,,
STR_77_87,「ここは\,「ここは\,(NPCs in Sealand)
STR_77_92, シーラント゛た゛よ。, シーラント゛た゛よ。,
STR_77_A7, うみけい きき゛ょうの, うみけい きき゛ょうの,
STR_77_B9, スティンク゛メーカーか゛, スティンク゛メーカーか゛,
STR_77_D0, このラント゛や\, このラント゛や\,
STR_77_DF, まわりのエリアを, まわりのエリアを,
STR_77_F2, かんりしているんた゛」, かんりしているんた゛」,
STR_77_129,「もう、ハ゛トルなんて\,「もう、ハ゛トルなんて\,
STR_77_13B, しないよ」, しないよ」,
STR_77_14A,「へいわに なったから\,「へいわに なったから\,
STR_77_15C, まちのなかも, まちのなかも,
STR_77_16D, あんしんして\, あんしんして\,
STR_77_17B, あるけるね」, あるけるね」,
STR_77_1AD,「さいきん、ムホウモノか゛,「さいきん、ムホウモノか゛,
STR_77_1C0, ふえたなあ・・・。, ふえたなあ・・・。,
STR_77_1D4, ここにもムホウモノか゛, ここにもムホウモノか゛,
STR_77_1E6, ウロチョロしてるから, ウロチョロしてるから,
STR_77_1FB, きをつけたほうか゛\, きをつけたほうか゛\,
STR_77_20C, いいよ」, いいよ」,
STR_77_21A,「もうムホウモノも\,「もうムホウモノも\,
STR_77_22A, いないから, いないから,
STR_77_23A, あんしんあんしん」, あんしんあんしん」,
STR_77_264,「シーラント゛いか゛いの\,「シーラント゛いか゛いの\,
STR_77_277, ところに, ところに,
STR_77_286, いったことある?」, いったことある?」,
STR_77_2D7,「そうか・・・\,「そうか・・・\,
STR_77_2E5, いちと゛て゛いいから, いちと゛て゛いいから,
STR_77_2FA, いってみたいな」, いってみたいな」,
STR_77_30C,「いつかいけるといいね」,「いつかいけるといいね」,
,,,
STR_78_AD,「ここは\,「ここは\,(NPCs in Sea Techno Area)
STR_78_B8, シーラント゛にある, シーラント゛にある,
STR_78_CC, テクノエリアって\, テクノエリアって\,
STR_78_DC, いうところさ, いうところさ,
STR_78_ED, インターネットせかいに, インターネットせかいに,
STR_78_FF, あるまちさ, あるまちさ,
STR_78_121, ほかのラント゛にも\, ほかのラント゛にも\,
STR_78_132, テクノエリアはあるけと゛, テクノエリアはあるけと゛,
STR_78_149, うっているものか゛\, うっているものか゛\,
STR_78_15A, ちか゛うから, ちか゛うから,
STR_78_16B, よくみてみると\, よくみてみると\,
STR_78_17A, いいよ」, いいよ」,
STR_78_19F,「ハ゛トルて゛\,「ハ゛トルて゛\,
STR_78_1AD, つかうことか゛て゛きる, つかうことか゛て゛きる,
STR_78_1C3, ツールは\, ツールは\,
STR_78_1CF, とてもへ゛んりた゛よ。, とてもへ゛んりた゛よ。,
STR_78_1E5, いろいろ ためして\, いろいろ ためして\,
STR_78_1F6, みるといいよ」, みるといいよ」,
STR_78_21E,「スティンク゛メーカーの,「スティンク゛メーカーの,
STR_78_230, ハ゛ク゛は, ハ゛ク゛は,
STR_78_240, みす゛・こおりの\, みす゛・こおりの\,
STR_78_250, たいせいを もっている, たいせいを もっている,
STR_78_266, ハ゛ク゛か゛\, ハ゛ク゛か゛\,
STR_78_274, おおいよ」, おおいよ」,
STR_78_2C8,「ここのおすすめは\,「ここのおすすめは\,
STR_78_317, た゛よ\, た゛よ\,
STR_78_326, はす゛れたらコ゛メンね, はす゛れたらコ゛メンね,
STR_78_380,「ここのてんちょうは\,「ここのてんちょうは\,
STR_78_391, あいそか゛わるいけと゛, あいそか゛わるいけと゛,
STR_78_3A7, しなものはいいよ\, しなものはいいよ\,
STR_78_3BB, きょうは\, きょうは\,
STR_78_406,か゛,か゛,
STR_78_412,おすすめかな」\,おすすめかな」\,
STR_78_468,「ここのしょうにんは\,「ここのしょうにんは\,
STR_78_479, ハ゛ク゛サイトを\, ハ゛ク゛サイトを\,
STR_78_48D, まわってめす゛らしい\, まわってめす゛らしい\,
STR_78_49F, しなものをあつめて\, しなものをあつめて\,
STR_78_4B4, くるんた゛\, くるんた゛\,
STR_78_4C5, おあすすめもあるけと゛, おあすすめもあるけと゛,
STR_78_4D7, なかには、\, なかには、\,
STR_78_4E8,ひと゛いのもあるから\,ひと゛いのもあるから\,
STR_78_4F9, きをつけたほうか゛\, きをつけたほうか゛\,
STR_78_50E, いいよ\, いいよ\,
STR_78_51D, ほ゛くのおすすめは\, ほ゛くのおすすめは\,
STR_78_56D,かな」\,かな」\,
,,,
STR_79_127,「ここは、\,「ここは、\,(NPCs in Sea Safari Area)
STR_79_133, シーラント゛の, シーラント゛の,
STR_79_145, サファリエリアた゛, サファリエリアた゛,
STR_79_159, ここには、\, ここには、\,
STR_79_166, やせいのハ゛ク゛か゛, やせいのハ゛ク゛か゛,
STR_79_17B, ウヨウヨ\, ウヨウヨ\,
STR_79_187, しているから、, しているから、,
STR_79_199, ト゛ント゛ン\, ト゛ント゛ン\,
STR_79_1A7, ハ゛トルして、, ハ゛トルして、,
STR_79_1B9, たくさんのハ゛ク゛を\, たくさんのハ゛ク゛を\,
STR_79_1CB, つかまえるといいよ」, つかまえるといいよ」,
STR_79_1F6,「おっ、しんか゛おた゛な,「おっ、しんか゛おた゛な,
STR_79_208, ここには\, ここには\,
STR_79_218, スティンク゛メーカーの, スティンク゛メーカーの,
STR_79_22A, ハ゛ク゛か゛, ハ゛ク゛か゛,
STR_79_23B, たくさんいるから, たくさんいるから,
STR_79_24E, か゛んは゛って\, か゛んは゛って\,
STR_79_25D, みつけろよ」, みつけろよ」,
STR_79_284,「アクセスホ゜イントなら,「アクセスホ゜イントなら,
STR_79_296, と゛のホ゜イントて゛も, と゛のホ゜イントて゛も,
STR_79_2AC, セーフ゛か゛\, セーフ゛か゛\,
STR_79_2BA, て゛きるから、, て゛きるから、,
STR_79_2CC, アクセスホ゜イントを\, アクセスホ゜イントを\,
STR_79_2DE, みつけたら, みつけたら,
STR_79_2EE, こまめにセーフ゛して\, こまめにセーフ゛して\,
STR_79_300, おいたほうか゛いいよ。, おいたほうか゛いいよ。,
STR_79_316, し゛ふ゛んのテ゛ータの\, し゛ふ゛んのテ゛ータの\,
STR_79_329, かんりとして、, かんりとして、,
STR_79_33B, しっかり\, しっかり\,
STR_79_347, セーフ゛することは, セーフ゛することは,
STR_79_35B, ハッカーとして\, ハッカーとして\,
STR_79_36A, し゛ょうしきた゛からね」, し゛ょうしきた゛からね」,
STR_79_3C6,「ここのおすすめは\,「ここのおすすめは\,
STR_79_415, た゛よ\, た゛よ\,
STR_79_424, オレのいうことを\, オレのいうことを\,
STR_79_434, しんようしなって!」, しんようしなって!」,
,,,
STR_7A_C0,「ここは\,「ここは\,(NPCs in Sea Resort Area)
STR_7A_CB, シーリソ゛ートエリア, シーリソ゛ートエリア,
STR_7A_E0, うみけい きき゛ょうの, うみけい きき゛ょうの,
STR_7A_F2, スティンク゛か゛, スティンク゛か゛,
STR_7A_105, かんりしている\, かんりしている\,
STR_7A_114, エリアて゛す。, エリアて゛す。,
STR_7A_126, と゛うそ゛\, と゛うそ゛\,
STR_7A_133, こ゛ゆっくり, こ゛ゆっくり,
STR_7A_144, おくつろき゛\, おくつろき゛\,
STR_7A_152, くた゛さい」, くた゛さい」,
STR_7A_179,「なんにもない\,「なんにもない\,
STR_7A_187, ところた゛けと゛, ところた゛けと゛,
STR_7A_19A, のんひ゛りして\, のんひ゛りして\,
STR_7A_1A9, いいところた゛よ」, いいところた゛よ」,
STR_7A_1D3,「ここの まんなかにある,「ここの まんなかにある,
STR_7A_1E5, ケ゛ートは\, ケ゛ートは\,
STR_7A_1F6, かいていケーフ゛ルって, かいていケーフ゛ルって,
STR_7A_208, いって、, いって、,
STR_7A_217, スティンク゛のほんふ゛, スティンク゛のほんふ゛,
STR_7A_229, リュウク゛ウに, リュウク゛ウに,
STR_7A_23B, つなか゛っているんた゛。, つなか゛っているんた゛。,
STR_7A_252, たた゛し、\, たた゛し、\,
STR_7A_25F, かいていケーフ゛ルは, かいていケーフ゛ルは,
STR_7A_274, スティンク゛メーカーの, スティンク゛メーカーの,
STR_7A_286, ハ゛ク゛を, ハ゛ク゛を,
STR_7A_296, もっていないと\, もっていないと\,
STR_7A_2A5, りようて゛きないよ」, りようて゛きないよ」,
STR_7A_2D0,「スティンク゛の\,「スティンク゛の\,
STR_7A_2DF, ほんふ゛は, ほんふ゛は,
STR_7A_2EF, リュウク゛ウって\, リュウク゛ウって\,
STR_7A_2FF, いうんた゛。, いうんた゛。,
STR_7A_310, リュウク゛ウは\, リュウク゛ウは\,
STR_7A_31F, シーラント゛のなかに, シーラント゛のなかに,
STR_7A_334, あるんた゛けと゛、\, あるんた゛けと゛、\,
STR_7A_345, このエリアの, このエリアの,
STR_7A_356, かいていケーフ゛ルを\, かいていケーフ゛ルを\,
STR_7A_368, りようすれは゛、, りようすれは゛、,
STR_7A_37B, ちょくせつ\, ちょくせつ\,
STR_7A_388, リュウク゛ウに, リュウク゛ウに,
STR_7A_39A, いけるのさ」, いけるのさ」,
STR_7A_3C1,「ここのショッフ゜は\,「ここのショッフ゜は\,
STR_7A_3D2, スティンク゛メーカーの, スティンク゛メーカーの,
STR_7A_3E8, ハ゛ク゛を\, ハ゛ク゛を\,
STR_7A_3F5, うってるね。, うってるね。,
STR_7A_406, いますく゛\, いますく゛\,
STR_7A_413, スティンク゛メーカーの, スティンク゛メーカーの,
STR_7A_429, ハ゛ク゛か゛\, ハ゛ク゛か゛\,
STR_7A_437, ひつようなら、, ひつようなら、,
STR_7A_449, ここて゛\, ここて゛\,
STR_7A_455, かうといいよ」, かうといいよ」,
STR_7A_47D,こうかんせいりつた゛な,こうかんせいりつた゛な,
STR_7A_492, めて゛たしめて゛たし」, めて゛たしめて゛たし」,
STR_7A_4C9,「ないしょた゛けと゛、\,「ないしょた゛けと゛、\,
STR_7A_4DB, このエリアのと゛こかに, このエリアのと゛こかに,
STR_7A_4F1, シーラント゛にいける , シーラント゛にいける ,
STR_7A_503, かいていケーフ゛ルの\, かいていケーフ゛ルの\,
STR_7A_519, くちか゛あるという\, くちか゛あるという\,
STR_7A_52A, うわさた゛よ」, うわさた゛よ」,
STR_7A_53B,「リソ゛ートエリアの\,「リソ゛ートエリアの\,
STR_7A_54C, へ゛っそうに\, へ゛っそうに\,
STR_7A_55E, すんて゛いるかねもちは, すんて゛いるかねもちは,
STR_7A_570, かわったひとか゛\, かわったひとか゛\,
STR_7A_584, おおいから\, おおいから\,
STR_7A_591, はなしかけてみると\, はなしかけてみると\,
STR_7A_5A6, いいよ」\, いいよ」\,
STR_7A_5E0,ウェルテ゛ハイト゛の\,ウェルテ゛ハイト゛の\,
STR_7A_5F1,きょうりょくな,きょうりょくな,
STR_7A_602,ほ゛うか゛いて゛んは゜て゛\,ほ゛うか゛いて゛んは゜て゛\,
STR_7A_616,ケ゛ートか゛ひらかない!,ケ゛ートか゛ひらかない!,
STR_7A_62F,シーラント゛・リュウク゛ウいきの\,シーラント゛・リュウク゛ウいきの\,
STR_7A_646,かいていケーフ゛ルて゛す。,かいていケーフ゛ルて゛す。,
STR_7A_65D,この かいていケーフ゛ルを\,この かいていケーフ゛ルを\,
STR_7A_671,こ゛りようになるには、,こ゛りようになるには、,
STR_7A_686,スティンク゛メーカーの\,スティンク゛メーカーの\,
STR_7A_698,ハ゛ク゛か゛ひつようになります。,ハ゛ク゛か゛ひつようになります。,
STR_7A_6B2,おもちのハ゛ク゛を\,おもちのハ゛ク゛を\,
STR_7A_6C2,かくにんいたします。,かくにんいたします。,
STR_7A_6E6,・・・ハ゛ク゛コート゛ エラー,・・・ハ゛ク゛コート゛ エラー,
STR_7A_6FF,あなたは かいていケーフ゛ルを\,あなたは かいていケーフ゛ルを\,
STR_7A_715,こ゛りように なれません,こ゛りように なれません,
STR_7A_72B,スティンク゛メーカーの\,スティンク゛メーカーの\,
STR_7A_73D,ハ゛ク゛を こ゛ようい くた゛さい。,ハ゛ク゛を こ゛ようい くた゛さい。,
STR_7A_758,・・・ハ゛ク゛コート゛ クリア,・・・ハ゛ク゛コート゛ クリア,
STR_7A_771,あなたは かいていケーフ゛ルを\,あなたは かいていケーフ゛ルを\,
STR_7A_787,こ゛りように なれます。,こ゛りように なれます。,
STR_7A_79D,かいていケーフ゛ルを\,かいていケーフ゛ルを\,
STR_7A_7AE,りよう しますか?,りよう しますか?,
STR_7A_7FE,こ゛りよう\,こ゛りよう\,
STR_7A_80A,ありか゛とうこ゛さ゛います。,ありか゛とうこ゛さ゛います。,
STR_7A_822,て゛は、リュウク゛ウへ\,て゛は、リュウク゛ウへ\,
STR_7A_834,まいります。,まいります。,
STR_7A_843,また おこしくた゛さい。,また おこしくた゛さい。,
,,,
STR_7B_87,「リュウク゛ウへ\,「リュウク゛ウへ\,(NPCs in Dragon Palace)
STR_7B_96, ようこそー!, ようこそー!,
STR_7B_A7, ここは\, ここは\,
STR_7B_B2, スティンク゛メーカーの, スティンク゛メーカーの,
STR_7B_C8, ほんふ゛に\, ほんふ゛に\,
STR_7B_D5, なっておりまーす。, なっておりまーす。,
STR_7B_E9, け゛んし゛つせかいに\, け゛んし゛つせかいに\,
STR_7B_FB, ある、, ある、,
STR_7B_109, うみに かんする\, うみに かんする\,
STR_7B_119, コンヒ゜ューターは, コンヒ゜ューターは,
STR_7B_12D, すへ゛て\, すへ゛て\,
STR_7B_139, スティンク゛か゛, スティンク゛か゛,
STR_7B_14C, かんりして\, かんりして\,
STR_7B_159, いるんて゛すよ」, いるんて゛すよ」,
STR_7B_182,「ここの うえにある\,「ここの うえにある\,
STR_7B_193, ト゛アの むこうは, ト゛アの むこうは,
STR_7B_1A7, シーラント゛た゛よ」, シーラント゛た゛よ」,
STR_7B_1DD,「さっき くろいかけ゛の,「さっき くろいかけ゛の,
STR_7B_1EF, あやしいヤツか゛, あやしいヤツか゛,
STR_7B_202, かいていケーフ゛ルから, かいていケーフ゛ルから,
STR_7B_214, とひ゛た゛してくるのを, とひ゛た゛してくるのを,
STR_7B_22A, みたよ」, みたよ」,
STR_7B_238,「シーラント゛も\,「シーラント゛も\,
STR_7B_247, へいわになったから, へいわになったから,
STR_7B_25B, け゛んし゛つせかいの\, け゛んし゛つせかいの\,
STR_7B_26D, うみも へいわなのかな」, うみも へいわなのかな」,
STR_7B_2A5,「リュウク゛ウは\,「リュウク゛ウは\,
STR_7B_2B4, スティンク゛の, スティンク゛の,
STR_7B_2C6, ほんふ゛た゛けと゛、\, ほんふ゛た゛けと゛、\,
STR_7B_2D8, かいし゛ょうの, かいし゛ょうの,
STR_7B_2EA, コンヒ゜ューターを\, コンヒ゜ューターを\,
STR_7B_2FB, かんりしてる ところは, かんりしてる ところは,
STR_7B_311, へ゛つの は゛しょに\, へ゛つの は゛しょに\,
STR_7B_323, あるみたいね。, あるみたいね。,
STR_7B_335, シーラント゛ないに\, シーラント゛ないに\,
STR_7B_346, あるのは、, あるのは、,
STR_7B_356, まちか゛いない\, まちか゛いない\,
STR_7B_365, みたいよ」, みたいよ」,
STR_7B_374,「あーあー、よくねた\,「あーあー、よくねた\,
STR_7B_385, て゛もまた゛ねむいな」, て゛もまた゛ねむいな」,
STR_7B_3C5,ウェルテ゛ハイト゛の\,ウェルテ゛ハイト゛の\,
STR_7B_3D6,きょうりょくな,きょうりょくな,
STR_7B_3E7,ほ゛うか゛いて゛んは゜て゛\,ほ゛うか゛いて゛んは゜て゛\,
STR_7B_3FB,ケ゛ートか゛ひらかない!,ケ゛ートか゛ひらかない!,
STR_7B_410,シーリソ゛ートエリアいきの\,シーリソ゛ートエリアいきの\,
STR_7B_424,かいていケーフ゛ルて゛す。,かいていケーフ゛ルて゛す。,
STR_7B_43B,この かいていケーフ゛ルを\,この かいていケーフ゛ルを\,
STR_7B_44F,こ゛りようになるには、,こ゛りようになるには、,
STR_7B_464,スティンク゛メーカーの\,スティンク゛メーカーの\,
STR_7B_476,ハ゛ク゛か゛ひつようになります。,ハ゛ク゛か゛ひつようになります。,
STR_7B_490,おもちのハ゛ク゛を\,おもちのハ゛ク゛を\,
STR_7B_4A0,かくにんいたします。,かくにんいたします。,
STR_7B_4C4,・・・ハ゛ク゛コート゛ エラー,・・・ハ゛ク゛コート゛ エラー,
STR_7B_4DD,あなたは かいていケーフ゛ルを\,あなたは かいていケーフ゛ルを\,
STR_7B_4F3,こ゛りように なれません,こ゛りように なれません,
STR_7B_509,スティンク゛メーカーの\,スティンク゛メーカーの\,
STR_7B_51B,ハ゛ク゛を こ゛ようい くた゛さい。,ハ゛ク゛を こ゛ようい くた゛さい。,
STR_7B_536,・・・ハ゛ク゛コート゛ クリア,・・・ハ゛ク゛コート゛ クリア,
STR_7B_54F,あなたは かいていケーフ゛ルを\,あなたは かいていケーフ゛ルを\,
STR_7B_565,こ゛りように なれます。,こ゛りように なれます。,
STR_7B_57B,かいていケーフ゛ルを\,かいていケーフ゛ルを\,
STR_7B_58C,りよう しますか?,りよう しますか?,
STR_7B_5DC,こ゛りよう\,こ゛りよう\,
STR_7B_5E8,ありか゛とうこ゛さ゛います。,ありか゛とうこ゛さ゛います。,
STR_7B_600,て゛は、シーリソ゛ートエリアへ\,て゛は、シーリソ゛ートエリアへ\,
STR_7B_616,まいります。,まいります。,
STR_7B_625,また おこしくた゛さい。,また おこしくた゛さい。,
,,,
STR_7C_AD,「ここは、スティンク゛の,「ここは、スティンク゛の,(NPCs in Sting Paviilion)
STR_7C_BF, ハ゜ヒ゛リオンて゛す。, ハ゜ヒ゛リオンて゛す。,
STR_7C_D5, かくコーナーのまえに\, かくコーナーのまえに\,
STR_7C_E7, せっちしてある, せっちしてある,
STR_7C_F9, ホ゛イスマシンの\, ホ゛イスマシンの\,
STR_7C_109, スイッチをおすと, スイッチをおすと,
STR_7C_11C, せつめいか゛\, せつめいか゛\,
STR_7C_12A, なか゛れますのて゛、, なか゛れますのて゛、,
STR_7C_13F, こ゛りようくた゛さい」, こ゛りようくた゛さい」,
STR_7C_16B,スティンク゛は、ハ゛ク゛サイト\,スティンク゛は、ハ゛ク゛サイト\,
STR_7C_181,4た゛いきき゛ょうのひとつて゛,4た゛いきき゛ょうのひとつて゛,
STR_7C_19A,おもに、うみけいの\,おもに、うみけいの\,
STR_7C_1AA,コンヒ゜ューターかんり、うんえいを,コンヒ゜ューターかんり、うんえいを,
STR_7C_1C5,まかされています。\,まかされています。\,
STR_7C_1EF,スティンク゛は、かいし゛ょうの\,スティンク゛は、かいし゛ょうの\,
STR_7C_205,こうつうの うんえいや、,こうつうの うんえいや、,
STR_7C_21B,かいていの かいはつに かんする\,かいていの かいはつに かんする\,
STR_7C_232,ハ゛ク゛の かんり、うんえいを,ハ゛ク゛の かんり、うんえいを,
STR_7C_24B,おこなっています。,おこなっています。,
STR_7C_25E,たとえは゛ふねの\,たとえは゛ふねの\,
STR_7C_26D,こうろあんない、,こうろあんない、,
STR_7C_27F,かいていしせつの\,かいていしせつの\,
STR_7C_28E,けんせつ、かんりなと゛を おこない,けんせつ、かんりなと゛を おこない,
STR_7C_2A9,みなさまの せいかつの\,みなさまの せいかつの\,
STR_7C_2BB,おやくに たっています,おやくに たっています,
STR_7C_2E6,スティンク゛のほんふ゛は\,スティンク゛のほんふ゛は\,
STR_7C_2F9,このシーラント゛にある,このシーラント゛にある,
STR_7C_30E,リュウク゛ウて゛す。,リュウク゛ウて゛す。,
STR_7C_322,ここシーラント゛の\,ここシーラント゛の\,
STR_7C_332,きたの しまには,きたの しまには,
STR_7C_344,うみの し゛ょうほうを かんりする,うみの し゛ょうほうを かんりする,
STR_7C_35B,ためのコンヒ゜ューターか゛あります,ためのコンヒ゜ューターか゛あります,
STR_7C_38C,「あれぇ、\,「あれぇ、\,
STR_7C_398, スティンク゛っちゅう, スティンク゛っちゅう,
STR_7C_3AD, かいしゃは、ほんとに\, かいしゃは、ほんとに\,
STR_7C_3BF, と゛えれえかいしゃた゛」, と゛えれえかいしゃた゛」,
STR_7C_3EC,「あんた、と゛こから\,「あんた、と゛こから\,
STR_7C_3FD, きなすった?, きなすった?,
STR_7C_40E, ワシはアミラント゛\, ワシはアミラント゛\,
STR_7C_41F, からた゛」, からた゛」,
STR_7C_445,「ねえねえ\,「ねえねえ\,
STR_7C_451, カ゛ーテ゛ィアンって, カ゛ーテ゛ィアンって,
STR_7C_466, スティンク゛も\, スティンク゛も\,
STR_7C_475, つくった かいしゃの, つくった かいしゃの,
STR_7C_48A, 1つた゛って\, 1つた゛って\,
STR_7C_498, しってた?」, しってた?」,
,,,
STR_7D_B8,「うわー!\,「うわー!\,
STR_7D_C4, おたすけー!!, おたすけー!!,
STR_7D_D6, ・・・・・・あれ?\, ・・・・・・あれ?\,
STR_7D_E7, きみは、, きみは、,
STR_7D_F6, ウェルテ゛ハイト゛\, ウェルテ゛ハイト゛\,
STR_7D_107, し゛ゃないの?, し゛ゃないの?,
STR_7D_119, ふーっ\, ふーっ\,
STR_7D_124, よかったぁ・・・。, よかったぁ・・・。,
STR_7D_138, す゛っといきたここちか゛, す゛っといきたここちか゛,
STR_7D_14B, しなかったよ」, しなかったよ」,
STR_7D_167,「へいわになって\,「へいわになって\,
STR_7D_176, よかったよかった, よかったよかった,
STR_7D_188,「エアラント゛も\,「エアラント゛も\,
STR_7D_197, すっかりへいわに, すっかりへいわに,
STR_7D_1AA, なったよ」, なったよ」,
STR_7D_1DB,「きゅうに\,「きゅうに\,
STR_7D_1E7, ウェルテ゛ハイト゛か゛, ウェルテ゛ハイト゛か゛,
STR_7D_1FD, やってきて\, やってきて\,
STR_7D_20A, こまってるんた゛。, こまってるんた゛。,
STR_7D_21E, このエアラント゛にいた, このエアラント゛にいた,
STR_7D_230, ひとたちは\, ひとたちは\,
STR_7D_241, みんな と゛こかに\, みんな と゛こかに\,
STR_7D_252, にけ゛ちゃったよ」, にけ゛ちゃったよ」,
STR_7D_270,「ウェルテ゛ハイト゛って\,「ウェルテ゛ハイト゛って\,
STR_7D_283, こわいね。, こわいね。,
STR_7D_293, たおしたのは、\, たおしたのは、\,
STR_7D_2A2, また゛こと゛もの, また゛こと゛もの,
STR_7D_2B5, カ゛ーテ゛ィアンの\, カ゛ーテ゛ィアンの\,
STR_7D_2C6, たいいんた゛そうた゛ね」, たいいんた゛そうた゛ね」,
STR_7D_2DC,「エアラント゛へ\,「エアラント゛へ\,
STR_7D_2EB, ようこそ!, ようこそ!,
STR_7D_2FB, にてないけと゛し゛つは, にてないけと゛し゛つは,
STR_7D_30D, おやこなんた゛」, おやこなんた゛」,
STR_7D_341,「このラント゛の\,「このラント゛の\,
STR_7D_350, まんなかにある, まんなかにある,
STR_7D_362, イカリから\, イカリから\,
STR_7D_36F, ルカ゛ーほんふ゛のある, ルカ゛ーほんふ゛のある,
STR_7D_385, ふゆうたいりくに\, ふゆうたいりくに\,
STR_7D_395, いけるよ。, いけるよ。,
STR_7D_3A5, ルカ゛ーほんふ゛の\, ルカ゛ーほんふ゛の\,
STR_7D_3B6, なかに、, なかに、,
STR_7D_3C5, け゛んし゛つせかいに\, け゛んし゛つせかいに\,
STR_7D_3D7, ある、, ある、,
STR_7D_3E5, そらに かんする\, そらに かんする\,
STR_7D_3F5, コンヒ゜ューターを, コンヒ゜ューターを,
STR_7D_409, かんりしている\, かんりしている\,
STR_7D_418, へやか゛あるらしいよ」, へやか゛あるらしいよ」,
STR_7D_438,「ウェルテ゛ハイト゛って\,「ウェルテ゛ハイト゛って\,
STR_7D_44B, こわいね, こわいね,
STR_7D_45A, たおしたのは、\, たおしたのは、\,
STR_7D_469, また゛こと゛もの, また゛こと゛もの,
STR_7D_47C, カ゛ーテ゛ィアンの\, カ゛ーテ゛ィアンの\,
STR_7D_48D, たいいんた゛そうた゛ね」, たいいんた゛そうた゛ね」,
STR_7D_4A3,「エアラント゛へ\,「エアラント゛へ\,
STR_7D_4B2, ようこそ!, ようこそ!,
STR_7D_4C2, にてないけと゛し゛つは, にてないけと゛し゛つは,
STR_7D_4D4, おやこなんた゛」, おやこなんた゛」,
STR_7D_536,「やっとかいものか゛\,「やっとかいものか゛\,
STR_7D_547, て゛きるようになったよ, て゛きるようになったよ,
STR_7D_55D,ここのおすすめは\,ここのおすすめは\,
STR_7D_5AB, た゛よ, た゛よ,
STR_7D_5CF,ウェルテ゛ハイト゛へい\,ウェルテ゛ハイト゛へい\,
STR_7D_5E1,「おれたちゃ、,「おれたちゃ、,
STR_7D_5F2, なくこも た゛まる\, なくこも た゛まる\,
STR_7D_603, ウェルテ゛ハイト゛さ!, ウェルテ゛ハイト゛さ!,
STR_7D_619, エアラント゛はもう\, エアラント゛はもう\,
STR_7D_62A, おれたちのもんた゛, おれたちのもんた゛,
STR_7D_63E, おまえらも\, おまえらも\,
STR_7D_64B, しまつしてやる!!」, しまつしてやる!!」,
STR_7D_730,ウェルテ゛ハイト゛へい\,ウェルテ゛ハイト゛へい\,
STR_7D_742,「こと゛もは おとなしく,「こと゛もは おとなしく,
STR_7D_758, ケ゛ームて゛も\, ケ゛ームて゛も\,
STR_7D_767, やってろ!」, やってろ!」,
STR_7D_848,ウェルテ゛ハイト゛へい\,ウェルテ゛ハイト゛へい\,
STR_7D_85A,「ふっふっふ,「ふっふっふ,
STR_7D_86A, おまえの はかは゛は\, おまえの はかは゛は\,
STR_7D_87C, このエアラント゛た゛」, このエアラント゛た゛」,
,,,
STR_7E_AD,「ここは\,「ここは\,
STR_7E_B8, エアラント゛にある, エアラント゛にある,
STR_7E_CC, テクノエリアって\, テクノエリアって\,
STR_7E_DC, いうところさ, いうところさ,
STR_7E_ED, インターネットせかいに, インターネットせかいに,
STR_7E_FF, あるまちさ, あるまちさ,
STR_7E_121, ネットオークションは\, ネットオークションは\,
STR_7E_133, アクセスするたひ゛に, アクセスするたひ゛に,
STR_7E_148, しなものか゛\, しなものか゛\,
STR_7E_156, かわるって しってた?, かわるって しってた?,
STR_7E_16C, うんか゛よけれは゛\, うんか゛よけれは゛\,
STR_7E_17D, すこ゛い めす゛らしい, すこ゛い めす゛らしい,
STR_7E_193, しなものか゛\, しなものか゛\,
STR_7E_1A1, うってることも, うってることも,
STR_7E_1B3, あるそうた゛よ」, あるそうた゛よ」,
STR_7E_1DC,「チッフ゜や ツールの\,「チッフ゜や ツールの\,
STR_7E_1EE, なかには, なかには,
STR_7E_1FD, ハ゛ク゛の たいせいを, ハ゛ク゛の たいせいを,
STR_7E_20F, かえるこうかか゛, かえるこうかか゛,
STR_7E_222, あるものも\, あるものも\,
STR_7E_22F, あるそうた゛よ」, あるそうた゛よ」,
STR_7E_258,「ハ゛ク゛ショッフ゜て゛,「ハ゛ク゛ショッフ゜て゛,
STR_7E_26A, うっているハ゛ク゛は, うっているハ゛ク゛は,
STR_7E_27F, せ゛んふ゛\, せ゛んふ゛\,
STR_7E_28C, Ver1なんた゛」, Ver1なんた゛」,
STR_7E_2F6,「ここのてんちょうは\,「ここのてんちょうは\,
STR_7E_307, あいそか゛わるいけと゛, あいそか゛わるいけと゛,
STR_7E_31D, しなものはいいよ, しなものはいいよ,
STR_7E_330, きょうは\, きょうは\,
STR_7E_37B,か゛,か゛,
STR_7E_387,おすすめかな」,おすすめかな」,
STR_7E_3DC,「ここのしょうにんは\,「ここのしょうにんは\,
STR_7E_3ED, ハ゛ク゛サイトを, ハ゛ク゛サイトを,
STR_7E_400, まわってめす゛らしい\, まわってめす゛らしい\,
STR_7E_412, しなものをあつめて, しなものをあつめて,
STR_7E_426, くるんた゛, くるんた゛,
STR_7E_436, おあすすめもあるけと゛, おあすすめもあるけと゛,
STR_7E_448, なかには、, なかには、,
STR_7E_458,ひと゛いのもあるから\,ひと゛いのもあるから\,
STR_7E_469, きをつけたほうか゛, きをつけたほうか゛,
STR_7E_479, , ,
STR_7E_484, いいよ, いいよ,
STR_7E_492, ほ゛くのおすすめは\, ほ゛くのおすすめは\,
STR_7E_4E2,かな」\,かな」\,
,,,
STR_7F_9A,「ここは、\,「ここは、\,
STR_7F_A6, エアラント゛の, エアラント゛の,
STR_7F_B8, サファリエリアた゛, サファリエリアた゛,
STR_7F_CC, ここには、\, ここには、\,
STR_7F_D9, やせいのハ゛ク゛か゛, やせいのハ゛ク゛か゛,
STR_7F_EE, ウヨウヨ\, ウヨウヨ\,
STR_7F_FA, しているから、, しているから、,
STR_7F_10C, ト゛ント゛ン\, ト゛ント゛ン\,
STR_7F_11A, ハ゛トルして、, ハ゛トルして、,
STR_7F_12C, たくさんのハ゛ク゛を\, たくさんのハ゛ク゛を\,
STR_7F_13E, つかまえるといいよ」, つかまえるといいよ」,
STR_7F_169,「ここの\,「ここの\,
STR_7F_174, サファリエリアには, サファリエリアには,
STR_7F_188, ルカ゛ーメーカーの\, ルカ゛ーメーカーの\,
STR_7F_199, ハ゛ク゛か゛いるんた゛, ハ゛ク゛か゛いるんた゛,
STR_7F_1AF, もし、ワクチンか゛\, もし、ワクチンか゛\,
STR_7F_1C0, なくなったら、, なくなったら、,
STR_7F_1D2, そこのショッフ゜て゛\, そこのショッフ゜て゛\,
STR_7F_1E4, かってくるといいよ」, かってくるといいよ」,
STR_7F_20F,「ハ゛ク゛サーハ゛か゛\,「ハ゛ク゛サーハ゛か゛\,
STR_7F_221, いっは゜いになって, いっは゜いになって,
STR_7F_235, ハ゛ク゛を\, ハ゛ク゛を\,
STR_7F_242, あす゛けられなく, あす゛けられなく,
STR_7F_255, なったときは、\, なったときは、\,
STR_7F_264, おもいきって, おもいきって,
STR_7F_275, ハ゛ク゛を\, ハ゛ク゛を\,
STR_7F_282, コ゛ミは゛こに, コ゛ミは゛こに,
STR_7F_294, すてるのも\, すてるのも\,
STR_7F_2A1, 1つのてた゛よ。, 1つのてた゛よ。,
STR_7F_2B4, コ゛ミは゛こに\, コ゛ミは゛こに\,
STR_7F_2C3, すてたハ゛ク゛は, すてたハ゛ク゛は,
STR_7F_2D6, サルヘ゛ーシ゛て゛\, サルヘ゛ーシ゛て゛\,
STR_7F_2E7, ふっかつて゛きるからね。, ふっかつて゛きるからね。,
STR_7F_2FE, たた゛し、\, たた゛し、\,
STR_7F_30B, サルヘ゛ーシ゛て゛, サルヘ゛ーシ゛て゛,
STR_7F_31F, ふっかつしたハ゛ク゛は, ふっかつしたハ゛ク゛は,
STR_7F_331, Ver1になってるから, Ver1になってるから,
STR_7F_347, きを つけたほうか゛\, きを つけたほうか゛\,
STR_7F_359, いいよ」, いいよ」,
STR_7F_37F,「なんか、ルカ゛ー\,「なんか、ルカ゛ー\,
STR_7F_38F,ほんふ゛は,ほんふ゛は,
STR_7F_39E,たいへんなことに\,たいへんなことに\,
STR_7F_3AD,なってるんた゛って?」,なってるんた゛って?」,
,,,
STR_80_59,ワッハッハ\,ワッハッハ\,
STR_80_65,「[name]くん,「[name]くん,
STR_80_73, たのんた゛そ゛!」, たのんた゛そ゛!」,
STR_80_91,ワッハッハ\,ワッハッハ\,
STR_80_9D,「よかったよかった,「よかったよかった,
STR_80_B0, [name]くん\, [name]くん\,
STR_80_BB, きみは いまや, きみは いまや,
STR_80_CD, カ゛ーテ゛ィアンの\, カ゛ーテ゛ィアンの\,
STR_80_DE, エースし゛ゃな」, エースし゛ゃな」,
STR_80_F0,ワッハッハ\,ワッハッハ\,
STR_80_FC,「よォ,「よォ,
STR_80_109, [name]くん\, [name]くん\,
STR_80_114, し゛ゃないか!, し゛ゃないか!,
STR_80_126, きみの かつやくの\, きみの かつやくの\,
STR_80_137, おかけ゛て゛, おかけ゛て゛,
STR_80_148, すっかりエアラント゛も, すっかりエアラント゛も,
STR_80_15A, かっきを, かっきを,
STR_80_169, とりもと゛したよ\, とりもと゛したよ\,
STR_80_17D, ワシも\, ワシも\,
STR_80_188, また ふとってしまって, また ふとってしまって,
STR_80_19E, みうこ゛きか゛\, みうこ゛きか゛\,
STR_80_1AD, とれなくなってしまった, とれなくなってしまった,
STR_80_1C3, これて゛は\, これて゛は\,
STR_80_1D0, た゛いすきな, た゛いすきな,
STR_80_1E1, りょこうにも\, りょこうにも\,
STR_80_1EF, いけないよ, いけないよ,
STR_80_1FF, トホホホ」, トホホホ」,
STR_80_22C,むこうから きょうれつな\,むこうから きょうれつな\,
STR_80_23F,かせ゛か゛ふいている!,かせ゛か゛ふいている!,
STR_80_254,とても あるいて\,とても あるいて\,
STR_80_263,すすめそうにない・・・,すすめそうにない・・・,
STR_80_278,ルカ゛ーメーカーのハ゛ク゛か゛\,ルカ゛ーメーカーのハ゛ク゛か゛\,
STR_80_28E,てもちに いれは゛,てもちに いれは゛,
STR_80_2A1,なんとか わたれそうた゛,なんとか わたれそうた゛,
STR_80_2EA,[name]は\,[name]は\,
STR_80_2F3,ルカ゛ーメーカーの,ルカ゛ーメーカーの,
STR_80_306,ハ゛ク゛のちからを かりて\,ハ゛ク゛のちからを かりて\,
STR_80_31A,きょうふうを のりきった!,きょうふうを のりきった!,
,,,
STR_81_AD,「ここは、ルカ゛ーの\,「ここは、ルカ゛ーの\,
STR_81_BE, ハ゜ヒ゛リオンて゛す。, ハ゜ヒ゛リオンて゛す。,
STR_81_D4, かくコーナーのまえに\, かくコーナーのまえに\,
STR_81_E6, せっちしてある, せっちしてある,
STR_81_F8, ホ゛イスマシンの\, ホ゛イスマシンの\,
STR_81_108, スイッチをおすと, スイッチをおすと,
STR_81_11B, せつめいか゛\, せつめいか゛\,
STR_81_129, なか゛れますのて゛、, なか゛れますのて゛、,
STR_81_13E, こ゛りようくた゛さい」, こ゛りようくた゛さい」,
STR_81_16A,ルカ゛ーは、ハ゛ク゛サイト\,ルカ゛ーは、ハ゛ク゛サイト\,
STR_81_17E,4た゛いきき゛ょうのひとつて゛,4た゛いきき゛ょうのひとつて゛,
STR_81_197,おもに、そらけいの\,おもに、そらけいの\,
STR_81_1A7,コンヒ゜ューターかんり、うんえいを,コンヒ゜ューターかんり、うんえいを,
STR_81_1C2,まかされています。\,まかされています。\,
STR_81_1EC,ルカ゛ーは、そらの こうつうの\,ルカ゛ーは、そらの こうつうの\,
STR_81_202,うんえいや うちゅうの かいはつに,うんえいや うちゅうの かいはつに,
STR_81_21D,かんするハ゛ク゛の かんり、\,かんするハ゛ク゛の かんり、\,
STR_81_232,うんえいを おこなっています。,うんえいを おこなっています。,
STR_81_24B,たとえは゛ひこうきの\,たとえは゛ひこうきの\,
STR_81_25C,こうろかんり、,こうろかんり、,
STR_81_26D,うちゅうしせつの\,うちゅうしせつの\,
STR_81_27C,けんせつ、かんりなと゛,けんせつ、かんりなと゛,
STR_81_291,みなさまの せいかつの\,みなさまの せいかつの\,
STR_81_2A3,おやくに たっています,おやくに たっています,
STR_81_2CE,ルカ゛ーは、\,ルカ゛ーは、\,
STR_81_2DB,せかいいちの おかねもち,せかいいちの おかねもち,
STR_81_2F1,ワッハッハによって,ワッハッハによって,
STR_81_300,つくられました,つくられました,
STR_81_327,「あれぇ、\,「あれぇ、\,
STR_81_333, ルカ゛ーっちゅう, ルカ゛ーっちゅう,
STR_81_346, かいしゃは、ほんとに\, かいしゃは、ほんとに\,
STR_81_358, と゛えれえかいしゃた゛」, と゛えれえかいしゃた゛」,
STR_81_385,「あんた、と゛こから\,「あんた、と゛こから\,
STR_81_396, きなすった?, きなすった?,
STR_81_3A7, ワシはアミラント゛\, ワシはアミラント゛\,
STR_81_3B8, からた゛」, からた゛」,
STR_81_3DE,「ねえねえ\,「ねえねえ\,
STR_81_3EA, カ゛ーテ゛ィアンって, カ゛ーテ゛ィアンって,
STR_81_3FF, ルカ゛ーも つくった\, ルカ゛ーも つくった\,
STR_81_411, かいしゃの, かいしゃの,
STR_81_421, 1つた゛って\, 1つた゛って\,
STR_81_42F, しってた?」, しってた?」,
,,,
STR_82_9A,「ここは\,「ここは\,
STR_82_A5, エナシ゛ーラント゛た゛, エナシ゛ーラント゛た゛,
STR_82_BB, あんた、\, あんた、\,
STR_82_C7, と゛っからきたんた゛?」, と゛っからきたんた゛?」,
STR_82_F4,「ここは よっほ゜と゛の,「ここは よっほ゜と゛の,
STR_82_106, ひまひまし゛んか, ひまひまし゛んか,
STR_82_119, ものす゛きしかこない\, ものす゛きしかこない\,
STR_82_12B, は゛しょさ」, は゛しょさ」,
STR_82_152,「タヒロって\,「タヒロって\,
STR_82_15F, しってるかい?, しってるかい?,
STR_82_171, このエナシ゛ーラント゛, このエナシ゛ーラント゛,
STR_82_183, を つくったかいしゃさ, を つくったかいしゃさ,
STR_82_1BA,「この\,「この\,
STR_82_1C4, エナシ゛ーラント゛の, エナシ゛ーラント゛の,
STR_82_1D9, うえのほうに\, うえのほうに\,
STR_82_1E7, タヒロのほんふ゛か゛, タヒロのほんふ゛か゛,
STR_82_1FC, あるんた゛。, あるんた゛。,
STR_82_20D, ほんふ゛の なかは\, ほんふ゛の なかは\,
STR_82_21E, ウェルテ゛ハイト゛か゛, ウェルテ゛ハイト゛か゛,
STR_82_234, かいそ゛うしちまって\, かいそ゛うしちまって\,
STR_82_246, やたら ふ゛っそうに, やたら ふ゛っそうに,
STR_82_25B, なっちまった。, なっちまった。,
STR_82_26D, まぁ、もともと\, まぁ、もともと\,
STR_82_27C, やるきか゛ない, やるきか゛ない,
STR_82_28E, きき゛ょうた゛からなぁ, きき゛ょうた゛からなぁ,
STR_82_2A0, タヒロは。, タヒロは。,
STR_82_2B0, いまさら ふ゛っそうに, いまさら ふ゛っそうに,
STR_82_2C2, なっても、, なっても、,
STR_82_2D2, もとから ここにいる\, もとから ここにいる\,
STR_82_2E4, し゛ゅうにんは, し゛ゅうにんは,
STR_82_2F6, あまり\, あまり\,
STR_82_301, かんけいないね」, かんけいないね」,
STR_82_313,「カ゛ーテ゛ィアンの\,「カ゛ーテ゛ィアンの\,
STR_82_324, かつやくて゛, かつやくて゛,
STR_82_335, ここもすこしす゛つ\, ここもすこしす゛つ\,
STR_82_346, け゛んきになってきたよ」, け゛んきになってきたよ」,
STR_82_37E,「ハ゜ーティやチッフ゜に,「ハ゜ーティやチッフ゜に,
STR_82_390, ふあんか゛あるときは, ふあんか゛あるときは,
STR_82_3A5, まわりのエリアを\, まわりのエリアを\,
STR_82_3B5, まわって、, まわって、,
STR_82_3C5, し゛ゅんひ゛を\, し゛ゅんひ゛を\,
STR_82_3D4, ととのえておいたほうか゛, ととのえておいたほうか゛,
STR_82_3EB, いいせ゛。, いいせ゛。,
STR_82_3FB, エナシ゛ーサファリ\, エナシ゛ーサファリ\,
STR_82_40C, エリアには、, エリアには、,
STR_82_41D, このラント゛の\, このラント゛の\,
STR_82_42C, いちは゛んしたの, いちは゛んしたの,
STR_82_43F, アクセスホ゜イントから, アクセスホ゜イントから,
STR_82_451, タ゛イフ゛していけるせ゛, タ゛イフ゛していけるせ゛,
STR_82_468, エナシ゛ーラント゛は\, エナシ゛ーラント゛は\,
STR_82_47A, かんりしてるタヒロか゛, かんりしてるタヒロか゛,
STR_82_490, やるきないから、\, やるきないから、\,
STR_82_4A0, サイトケ゛ートの, サイトケ゛ートの,
STR_82_4B3, ハ゜スワート゛も\, ハ゜スワート゛も\,
STR_82_4C3, ひつようないんた゛」, ひつようないんた゛」,
STR_82_4D7,「まちなかは、\,「まちなかは、\,
STR_82_4E5, あんせ゛んにあるけるよ」, あんせ゛んにあるけるよ」,
,,,
STR_83_7F,「あら?\,「あら?\,
STR_83_8A, こんなところに, こんなところに,
STR_83_9C, ひとか゛くるなんて\, ひとか゛くるなんて\,
STR_83_AD, めす゛らしいわねえ。, めす゛らしいわねえ。,
STR_83_C2, ここは\, ここは\,
STR_83_CD, た゛ーれも こなくて, た゛ーれも こなくて,
STR_83_E2, せ゛んっせ゛ん\, せ゛んっせ゛ん\,
STR_83_F1, おもしろくないの。, おもしろくないの。,
STR_83_105, し゛ょうほう おしえて, し゛ょうほう おしえて,
STR_83_117, あけ゛るから、, あけ゛るから、,
STR_83_129, ちょっとはなしあいてに, ちょっとはなしあいてに,
STR_83_13B, なってね。, なってね。,
STR_83_14B, エナシ゛ーラント゛へ\, エナシ゛ーラント゛へ\,
STR_83_15D, ようこそー!, ようこそー!,
STR_83_16E, ここは\, ここは\,
STR_83_179, エナシ゛ーラント゛を, エナシ゛ーラント゛を,
STR_83_18E, かんりしている\, かんりしている\,
STR_83_19D, タヒロメーカーの, タヒロメーカーの,
STR_83_1B0, ほんふ゛に\, ほんふ゛に\,
STR_83_1BD, なりまーす。, なりまーす。,
STR_83_1CE, け゛んし゛つせかいの\, け゛んし゛つせかいの\,
STR_83_1E0, エネルキ゛ーを, エネルキ゛ーを,
STR_83_1F2, かんりしている\, かんりしている\,
STR_83_201, コンヒ゜ューターは, コンヒ゜ューターは,
STR_83_215, このほんふ゛の\, このほんふ゛の\,
STR_83_224, なかに ありますよー。, なかに ありますよー。,
STR_83_23A, て゛も、そこに\, て゛も、そこに\,
STR_83_249, たと゛りつくには, たと゛りつくには,
STR_83_25C, ハ゛ク゛か゛\, ハ゛ク゛か゛\,
STR_83_26A, まもっている, まもっている,
STR_83_27B, シールト゛を とっは゜, シールト゛を とっは゜,
STR_83_28D, しないと いけませーん。, しないと いけませーん。,
STR_83_2A4, けっこう てこ゛わい\, けっこう てこ゛わい\,
STR_83_2B6, から、きをつけてねー。, から、きをつけてねー。,
STR_83_2CC, おまけに\, おまけに\,
STR_83_2D8, シールト゛と゛うしも, シールト゛と゛うしも,
STR_83_2ED, ムチャクチャに\, ムチャクチャに\,
STR_83_2FC, つなか゛っているから, つなか゛っているから,
STR_83_311, まいこ゛に\, まいこ゛に\,
STR_83_31E, ならないように, ならないように,
STR_83_330, きをつけて\, きをつけて\,
STR_83_33D, くた゛さーい。, くた゛さーい。,
STR_83_34F, ・・・・・・\, ・・・・・・\,
STR_83_35D, あー、スッキリした。, あー、スッキリした。,
STR_83_372, また はなしあいてに\, また はなしあいてに\,
STR_83_384, なってね」, なってね」,
STR_83_393,「へいわに なった\,「へいわに なった\,
STR_83_3A3, タヒロにようこそ!, タヒロにようこそ!,
STR_83_3B7, とっても\, とっても\,
STR_83_3C3, おもしろいまちに, おもしろいまちに,
STR_83_3D6, なったから\, なったから\,
STR_83_3E3, ゆっくりしていって!」, ゆっくりしていって!」,
STR_83_41A,「ここし゛ゃ、\,「ここし゛ゃ、\,
STR_83_428, いちにちし゛ゅう, いちにちし゛ゅう,
STR_83_43B, タ゛ラタ゛ラしてる\, タ゛ラタ゛ラしてる\,
STR_83_44C, れんちゅうは゛かりさ」, れんちゅうは゛かりさ」,
STR_83_461,「へいわになって\,「へいわになって\,
STR_83_470, はたらくのか゛, はたらくのか゛,
STR_83_482, たのしいよ」, たのしいよ」,
STR_83_4A9,「おまえ、いいハ゛ク゛\,「おまえ、いいハ゛ク゛\,
STR_83_4BB, もってんし゛ゃねーか, もってんし゛ゃねーか,
STR_83_4D0, そのモハ゛イルこ゛と\, そのモハ゛イルこ゛と\,
STR_83_4E2, ここに おいていきな!, ここに おいていきな!,
STR_83_4F8, ・・・なにぃ?\, ・・・なにぃ?\,
STR_83_507, イヤた゛ぁ?, イヤた゛ぁ?,
STR_83_518, し゛ゃあ、\, し゛ゃあ、\,
STR_83_525, ちからつ゛くて゛, ちからつ゛くて゛,
STR_83_538, うは゛うまて゛た゛!」, うは゛うまて゛た゛!」,
STR_83_5C1,「へいわになれは゛\,「へいわになれは゛\,
STR_83_5D1, ちょっとは, ちょっとは,
STR_83_5E1, ゆた゛んすると\, ゆた゛んすると\,
STR_83_5F0, おもったのに」, おもったのに」,
STR_83_618,「しこ゛とちゅうた゛\,「しこ゛とちゅうた゛\,
STR_83_629, し゛ゃまするな」, し゛ゃまするな」,
,,,
STR_85_61,タヒロは、ハ゛ク゛サイト\,タヒロは、ハ゛ク゛サイト\,
STR_85_74,4た゛いきき゛ょうのひとつて゛,4た゛いきき゛ょうのひとつて゛,
STR_85_8D,おもに、エネルキ゛ーけいの\,おもに、エネルキ゛ーけいの\,
STR_85_A1,コンヒ゜ューターかんり、うんえいを,コンヒ゜ューターかんり、うんえいを,
STR_85_BC,まかされています。\,まかされています。\,
STR_85_E6,タヒロは、せかいし゛ゅうの\,タヒロは、せかいし゛ゅうの\,
STR_85_FA,エネルキ゛ーにかんする,エネルキ゛ーにかんする,
STR_85_10F,ハ゛ク゛の かんり、うんえいを\,ハ゛ク゛の かんり、うんえいを\,
STR_85_125,おこなっています。,おこなっています。,
STR_85_138,たとえは゛、たいようはつて゛んや\,たとえは゛、たいようはつて゛んや\,
STR_85_14F,け゛んしりょくはつて゛んなと゛,け゛んしりょくはつて゛んなと゛,
STR_85_168,エネルキ゛ーしせつの けんせつ\,エネルキ゛ーしせつの けんせつ\,
STR_85_17E,かんりなと゛おこない、,かんりなと゛おこない、,
STR_85_193,みなさまの せいかつの\,みなさまの せいかつの\,
STR_85_1A5,おやくに たっています,おやくに たっています,
,,,
STR_87_3B,「わか゛はいは\,「わか゛はいは\,
STR_87_49, フ゛ラックエリアの, フ゛ラックエリアの,
STR_87_5D, あすし゛、ひとよんて゛\, あすし゛、ひとよんて゛\,
STR_87_70, ロウナヌシた゛, ロウナヌシた゛,
STR_87_82, ここはすみここ゛ちか゛\, ここはすみここ゛ちか゛\,
STR_87_95, いいそ゛ォ」, いいそ゛ォ」,
STR_87_119,「クソーッ\,「クソーッ\,
STR_87_125, なかまか゛ふえると, なかまか゛ふえると,
STR_87_139, おもったのに」, おもったのに」,
,,,
STR_88_73,「ヒ゛キ゛ナーハウスへ\,「ヒ゛キ゛ナーハウスへ\,
STR_88_85, ようこそ!, ようこそ!,
STR_88_95, ここは しょしんしゃの, ここは しょしんしゃの,
STR_88_A7, みなさんに、, みなさんに、,
STR_88_B8, わかりやすく\, わかりやすく\,
STR_88_C6, かいせつを する, かいせつを する,
STR_88_D9, ところて゛す」, ところて゛す」,
STR_88_101,「こうもくへ゛つに\,「こうもくへ゛つに\,
STR_88_111, せんもんの\, せんもんの\,
STR_88_122, せんせいか゛\, せんせいか゛\,
STR_88_130, いるから、, いるから、,
STR_88_140, しりたいし゛ょうほうを, しりたいし゛ょうほうを,
STR_88_152, もった せんせいに, もった せんせいに,
STR_88_166, はなしかけると\, はなしかけると\,
STR_88_175, いいよ」, いいよ」,
STR_88_19A,ハ゛ク゛せんせい\,ハ゛ク゛せんせい\,
STR_88_1A9,「わたしは、,「わたしは、,
STR_88_1B9, ハ゛ク゛の\, ハ゛ク゛の\,
STR_88_1C6, せんもんかた゛。, せんもんかた゛。,
STR_88_1D9, なにについて\, なにについて\,
STR_88_1E7, ききたいかね?」, ききたいかね?」,
STR_88_265,ハ゛ク゛とは?,ハ゛ク゛とは?,
STR_88_26F,ハ゛ク゛とハッカー,ハ゛ク゛とハッカー,
STR_88_27B,ハ゛ク゛のメーカー,ハ゛ク゛のメーカー,
STR_88_287,ハ゛ク゛のハ゛ーシ゛ョン,ハ゛ク゛のハ゛ーシ゛ョン,
STR_88_296,ハ゛ク゛のわさ゛,ハ゛ク゛のわさ゛,
STR_88_2A1,ハ゛ク゛のたいせい,ハ゛ク゛のたいせい,
STR_88_2AD,ききたくない,ききたくない,
STR_88_45B,ハ゛ク゛せんせい\,ハ゛ク゛せんせい\,
STR_88_46A,「そうか。\,「そうか。\,
STR_88_47A, しりたくなったら\, しりたくなったら\,
STR_88_48A, また きなさい」, また きなさい」,
STR_88_4B3,「ハ゛ク゛とは、\,「ハ゛ク゛とは、\,
STR_88_4C2, このハ゛ク゛サイトを, このハ゛ク゛サイトを,
STR_88_4D7, ちゃんと\, ちゃんと\,
STR_88_4E3, うこ゛かすために, うこ゛かすために,
STR_88_4F2, , ,
STR_88_4FD, はたらいてる\, はたらいてる\,
STR_88_50B, やつらをいう。, やつらをいう。,
STR_88_51D, ハ゛ク゛サイトを\, ハ゛ク゛サイトを\,
STR_88_52D, こうせいしている, こうせいしている,
STR_88_540, 4つの おおきな\, 4つの おおきな\,
STR_88_550, きき゛ょうか゛, きき゛ょうか゛,
STR_88_562, それそ゛れ\, それそ゛れ\,
STR_88_56F, し゛ふ゛んたちの, し゛ふ゛んたちの,
STR_88_582, ラント゛やエリアを\, ラント゛やエリアを\,
STR_88_593, いし゛するために, いし゛するために,
STR_88_5A6, ハ゛ク゛を つかって\, ハ゛ク゛を つかって\,
STR_88_5B8, はたらかせているんた゛, はたらかせているんた゛,
STR_88_5CE, わたしたちか゛\, わたしたちか゛\,
STR_88_5DD, こうして, こうして,
STR_88_5EC, ハ゛ク゛サイトに\, ハ゛ク゛サイトに\,
STR_88_5FC, これるのも, これるのも,
STR_88_60C, せ゛んふ゛ハ゛ク゛の\, せ゛んふ゛ハ゛ク゛の\,
STR_88_61E, おかけ゛なんた゛よ」, おかけ゛なんた゛よ」,
STR_88_649,「ハッカーとは,「ハッカーとは,
STR_88_65A, キミのように\, キミのように\,
STR_88_668, ハ゛ク゛サイトに, ハ゛ク゛サイトに,
STR_88_67B, タ゛イフ゛してくる\, タ゛イフ゛してくる\,
STR_88_68C, ものたちを いう, ものたちを いう,
STR_88_69F, そのハッカーの\, そのハッカーの\,
STR_88_6AE, ほとんと゛か゛, ほとんと゛か゛,
STR_88_6C0, ハ゛ク゛を\, ハ゛ク゛を\,
STR_88_6CD, ハ゜ートナーとして, ハ゜ートナーとして,
STR_88_6E1, し゛ゆうし゛さ゛いに\, し゛ゆうし゛さ゛いに\,
STR_88_6F3, あやつっている。, あやつっている。,
STR_88_706, ハ゛ク゛は\, ハ゛ク゛は\,
STR_88_713, ハッカーにとって, ハッカーにとって,
STR_88_726, し゛ふ゛んの\, し゛ふ゛んの\,
STR_88_734, ハッカーとしての, ハッカーとしての,
STR_88_747, チカラを\, チカラを\,
STR_88_753, しめすものて゛あり、, しめすものて゛あり、,
STR_88_768, と゛うし゛に\, と゛うし゛に\,
STR_88_776, よきハ゜ートナーて゛も, よきハ゜ートナーて゛も,
STR_88_78C, あるんた゛。, あるんた゛。,
STR_88_79D, しかし\, しかし\,
STR_88_7A8, ハッカーのなかにも, ハッカーのなかにも,
STR_88_7BC, らんほ゛うなヤツらか゛, らんほ゛うなヤツらか゛,
STR_88_7CE, いる。, いる。,
STR_88_7DC, そんなヤツらを\, そんなヤツらを\,
STR_88_7EB, ムホウモノと, ムホウモノと,
STR_88_7FC, よんて゛いる。, よんて゛いる。,
STR_88_80E, ムホウモノは\, ムホウモノは\,
STR_88_81C, はなしかけると, はなしかけると,
STR_88_82E, いきなりハ゛トルを\, いきなりハ゛トルを\,
STR_88_83F, しかけてくるから, しかけてくるから,
STR_88_852, てもちのハ゛ク゛か゛\, てもちのハ゛ク゛か゛\,
STR_88_864, よわっているときは, よわっているときは,
STR_88_878, あまり\, あまり\,
STR_88_883, アヤシイひとたちには, アヤシイひとたちには,
STR_88_898, はなしかけないほうか゛, はなしかけないほうか゛,
STR_88_8AA, いいそ゛。, いいそ゛。,
STR_88_8BA, ハ゛トルに まけると\, ハ゛トルに まけると\,
STR_88_8CC, いうことは, いうことは,
STR_88_8DC, ハッカーとしての\, ハッカーとしての\,
STR_88_8EC, はいほ゛くをいみする。, はいほ゛くをいみする。,
STR_88_902, ハッカーたるもの、\, ハッカーたるもの、\,
STR_88_913, し゛ふ゛んの みは, し゛ふ゛んの みは,
STR_88_927, し゛ふ゛んて゛\, し゛ふ゛んて゛\,
STR_88_936, まもらなくちゃな」, まもらなくちゃな」,
STR_88_960,「ハ゛ク゛は\,「ハ゛ク゛は\,
STR_88_971, 4つの おおきな\, 4つの おおきな\,
STR_88_981, きき゛ょうと、, きき゛ょうと、,
STR_88_993, そのほかの\, そのほかの\,
STR_88_9A0, ちいさい かいしゃか゛, ちいさい かいしゃか゛,
STR_88_9B6, つくったものに\, つくったものに\,
STR_88_9C5, わけられる。, わけられる。,
STR_88_9D6, 4た゛い\, 4た゛い\,
STR_88_9E2, ハ゛ク゛メーカーの, ハ゛ク゛メーカーの,
STR_88_9F6, FE、スティンク゛、\, FE、スティンク゛、\,
STR_88_A08, ルカ゛ー、タヒロ, ルカ゛ー、タヒロ,
STR_88_A1B, そして、そのほかの\, そして、そのほかの\,
STR_88_A2C, かいしゃか゛つくった, かいしゃか゛つくった,
STR_88_A41, シ゛ャンクの\, シ゛ャンクの\,
STR_88_A4F, あわせて5つか゛, あわせて5つか゛,
STR_88_A62, ハ゛ク゛の\, ハ゛ク゛の\,
STR_88_A6F, メーカーた゛。, メーカーた゛。,
STR_88_A81, メーカーは\, メーカーは\,
STR_88_A8E, ハ゛ク゛た゛けて゛なく, ハ゛ク゛た゛けて゛なく,
STR_88_AA4, ハ゛ク゛か゛つかう\, ハ゛ク゛か゛つかう\,
STR_88_AB5, わさ゛にも あるそ゛!, わさ゛にも あるそ゛!,
STR_88_ACB, わさ゛には ハ゛ク゛の, わさ゛には ハ゛ク゛の,
STR_88_ADD, メーカーによって, メーカーによって,
STR_88_AF0, つよい、\, つよい、\,
STR_88_AFC, よわいか゛あるんた゛, よわいか゛あるんた゛,
STR_88_B11, FEメーカーの\, FEメーカーの\,
STR_88_B20, わさ゛は、, わさ゛は、,
STR_88_B30, スティンク゛の\, スティンク゛の\,
STR_88_B3F, ハ゛ク゛に つよいか゛, ハ゛ク゛に つよいか゛,
STR_88_B55, ルカ゛ーの\, ルカ゛ーの\,
STR_88_B62, ハ゛ク゛に よわい。, ハ゛ク゛に よわい。,
STR_88_B77, スティンク゛メーカーの, スティンク゛メーカーの,
STR_88_B89, わさ゛は、, わさ゛は、,
STR_88_B99, タヒロの\, タヒロの\,
STR_88_BA5, ハ゛ク゛に つよいか゛, ハ゛ク゛に つよいか゛,
STR_88_BBB, FEの\, FEの\,
STR_88_BC6, ハ゛ク゛に よわい。, ハ゛ク゛に よわい。,
STR_88_BDB, タヒロメーカーの\, タヒロメーカーの\,
STR_88_BEB, わさ゛は、, わさ゛は、,
STR_88_BFB, ルカ゛ーの\, ルカ゛ーの\,
STR_88_C08, ハ゛ク゛に つよいか゛, ハ゛ク゛に つよいか゛,
STR_88_C1E, スティンク゛の\, スティンク゛の\,
STR_88_C2D, ハ゛ク゛に よわい。, ハ゛ク゛に よわい。,
STR_88_C42, ルカ゛ーメーカーの\, ルカ゛ーメーカーの\,
STR_88_C53, わさ゛は、, わさ゛は、,
STR_88_C63, FEの\, FEの\,
STR_88_C6E, ハ゛ク゛に つよいか゛, ハ゛ク゛に つよいか゛,
STR_88_C84, タヒロの\, タヒロの\,
STR_88_C90, ハ゛ク゛に よわい。, ハ゛ク゛に よわい。,
STR_88_CA5, そして シ゛ャンクの\, そして シ゛ャンクの\,
STR_88_CB7, わさ゛は、, わさ゛は、,
STR_88_CC7, と゛のメーカーに\, と゛のメーカーに\,
STR_88_CD7, つよくも よわくもない, つよくも よわくもない,
STR_88_CED, わさ゛のメーカーの\, わさ゛のメーカーの\,
STR_88_CFE, つよい、よわいは, つよい、よわいは,
STR_88_D11, ハ゛ク゛と゛うしの\, ハ゛ク゛と゛うしの\,
STR_88_D22, たたかいに, たたかいに,
STR_88_D32, おおきく\, おおきく\,
STR_88_D3E, えいきょうする。, えいきょうする。,
STR_88_D51, ハ゛トルを ゆういに\, ハ゛トルを ゆういに\,
STR_88_D63, すすめたいなら、, すすめたいなら、,
STR_88_D76, セ゛ッタイに\, セ゛ッタイに\,
STR_88_D84, おほ゛えたほうか゛, おほ゛えたほうか゛,
STR_88_D98, いいそ゛」, いいそ゛」,
STR_88_DBE,「ハ゛ク゛は ハ゛トルて゛,「ハ゛ク゛は ハ゛トルて゛,
STR_88_DD1, けいけんを つむと, けいけんを つむと,
STR_88_DE5, Ver=ハ゛ーシ゛ョン, Ver=ハ゛ーシ゛ョン,
STR_88_DF7, か゛ あか゛る。, か゛ あか゛る。,
STR_88_E0A, Verとは レヘ゛ルの, Verとは レヘ゛ルの,
STR_88_E1C, ようなものた゛。, ようなものた゛。,
STR_88_E2F, ハ゛ク゛は\, ハ゛ク゛は\,
STR_88_E3C, Verか゛あか゛ると, Verか゛あか゛ると,
STR_88_E51, ステータスか゛\, ステータスか゛\,
STR_88_E60, あか゛ったり、, あか゛ったり、,
STR_88_E72, あたらしい わさ゛を\, あたらしい わさ゛を\,
STR_88_E84, おほ゛えたりするんた゛, おほ゛えたりするんた゛,
STR_88_E9A, またハ゛ク゛のなかには, またハ゛ク゛のなかには,
STR_88_EAC, Verか゛あか゛ると, Verか゛あか゛ると,
STR_88_EC1, しんかするハ゛ク゛も\, しんかするハ゛ク゛も\,
STR_88_ED3, いるようた゛。た゛か゛, いるようた゛。た゛か゛,
STR_88_EE9, しんかさせないを\, しんかさせないを\,
STR_88_EF9, えらふ゛と、, えらふ゛と、,
STR_88_F0A, 2と゛と\, 2と゛と\,
STR_88_F16, しんかて゛きない, しんかて゛きない,
STR_88_F29, しんかさせるか\, しんかさせるか\,
STR_88_F38, させないかは、, させないかは、,
STR_88_F4A, よくかんか゛えてから\, よくかんか゛えてから\,
STR_88_F5C, きめたほうか゛いいそ゛」, きめたほうか゛いいそ゛」,
STR_88_F89,「ハ゛ク゛は\,「ハ゛ク゛は\,
STR_88_F96, Verか゛あか゛ると, Verか゛あか゛ると,
STR_88_FAB, あたらしいわさ゛を\, あたらしいわさ゛を\,
STR_88_FBC, おほ゛えることか゛ある, おほ゛えることか゛ある,
STR_88_FD2, そのわさ゛も\, そのわさ゛も\,
STR_88_FE0, つかえは゛つかうほと゛, つかえは゛つかうほと゛,
STR_88_FF6, Verか゛\, Verか゛\,
STR_88_1003, あか゛り、, あか゛り、,
STR_88_1013, わさ゛の いりょくか゛, わさ゛の いりょくか゛,
STR_88_1025, あか゛ったりするんた゛, あか゛ったりするんた゛,
STR_88_103B, わさ゛のなかには\, わさ゛のなかには\,
STR_88_104B, わさ゛のVerか゛, わさ゛のVerか゛,
STR_88_105F, 99に なると\, 99に なると\,
STR_88_106E, わさ゛し゛たいか゛, わさ゛し゛たいか゛,
STR_88_1082, ハ゜ワーアッフ゜する\, ハ゜ワーアッフ゜する\,
STR_88_1094, ものもある。, ものもある。,
STR_88_10A5, また、わさ゛には\, また、わさ゛には\,
STR_88_10B5, 8つのタイフ゜か゛ある, 8つのタイフ゜か゛ある,
STR_88_10CB, ツメやキハ゛なと゛の\, ツメやキハ゛なと゛の\,
STR_88_10DD, さ゛んけ゛きタイフ゜, さ゛んけ゛きタイフ゜,
STR_88_10F2, ハ゜ンチやキックなと゛, ハ゜ンチやキックなと゛,
STR_88_1104, た゛け゛きタイフ゜, た゛け゛きタイフ゜,
STR_88_1118, ひをつかった\, ひをつかった\,
STR_88_1126, ほのおタイフ゜, ほのおタイフ゜,
STR_88_1138, こおりや みす゛の\, こおりや みす゛の\,
STR_88_1149, みす゛・こおりタイフ゜, みす゛・こおりタイフ゜,
STR_88_115F, て゛んけ゛きなと゛の\, て゛んけ゛きなと゛の\,
STR_88_1171, て゛んきタイフ゜, て゛んきタイフ゜,
STR_88_1184, かせ゛をつかった\, かせ゛をつかった\,
STR_88_1194, かせ゛タイフ゜, かせ゛タイフ゜,
STR_88_11A6, し゛しんなと゛の\, し゛しんなと゛の\,
STR_88_11B6, し゛めんタイフ゜, し゛めんタイフ゜,
STR_88_11C9, そして さいこ゛に\, そして さいこ゛に\,
STR_88_11DA, とくしゅタイフ゜た゛, とくしゅタイフ゜た゛,
STR_88_11EF, ハ゛トルの ときは\, ハ゛トルの ときは\,
STR_88_1200, わさ゛のタイフ゜と、, わさ゛のタイフ゜と、,
STR_88_1215, あいてのハ゛ク゛の\, あいてのハ゛ク゛の\,
STR_88_1226, たいせいを, たいせいを,
STR_88_1236, かんか゛えて\, かんか゛えて\,
STR_88_1244, こうけ゛きすると, こうけ゛きすると,
STR_88_1257, ハ゛トルを ゆういに\, ハ゛トルを ゆういに\,
STR_88_1269, すすめられるそ゛」, すすめられるそ゛」,
STR_88_1293,「ハ゛ク゛の\,「ハ゛ク゛の\,
STR_88_12A0, ハ゜ラメーターの1つに, ハ゜ラメーターの1つに,
STR_88_12B6, たいせいという\, たいせいという\,
STR_88_12C5, ものか゛ある。, ものか゛ある。,
STR_88_12D7, この たいせいによって, この たいせいによって,
STR_88_12E9, うけるタ゛メーシ゛か゛, うけるタ゛メーシ゛か゛,
STR_88_12FF, おおきく\, おおきく\,
STR_88_130B, かわってくるんた゛。, かわってくるんた゛。,
STR_88_1320, たとえは゛、, たとえは゛、,
STR_88_1331, さ゛んけ゛きの\, さ゛んけ゛きの\,
STR_88_1340, たいせいか゛、, たいせいか゛、,
STR_88_1352, Oた゛ったは゛あい\, Oた゛ったは゛あい\,
STR_88_1363, そのハ゛ク゛は, そのハ゛ク゛は,
STR_88_1375, さ゛んけ゛きタイフ゜の\, さ゛んけ゛きタイフ゜の\,
STR_88_1388, わさ゛に つよく、, わさ゛に つよく、,
STR_88_139C, さ゛んけ゛きの\, さ゛んけ゛きの\,
STR_88_13AB, たいせいか゛、, たいせいか゛、,
STR_88_13BD, Xた゛ったは゛あい\, Xた゛ったは゛あい\,
STR_88_13CE, そのハ゛ク゛は, そのハ゛ク゛は,
STR_88_13E0, さ゛んけ゛きタイフ゜の\, さ゛んけ゛きタイフ゜の\,
STR_88_13F3, わさ゛に よわい。, わさ゛に よわい。,
STR_88_1407, たいせいは\, たいせいは\,
STR_88_1414, ハ゛ク゛に よって, ハ゛ク゛に よって,
STR_88_1428, かわるから、\, かわるから、\,
STR_88_1436, ステータスか゛めんて゛, ステータスか゛めんて゛,
STR_88_144C, かくにんしたほうか゛\, かくにんしたほうか゛\,
STR_88_145E, いいそ゛」, いいそ゛」,
STR_88_1484,ハ゛トルせんせい\,ハ゛トルせんせい\,
STR_88_1493,「わたしは,「わたしは,
STR_88_14A2, ハ゛トルの\, ハ゛トルの\,
STR_88_14AF, せんもんかた゛。, せんもんかた゛。,
STR_88_14C2, なにについて\, なにについて\,
STR_88_14D0, ききたいかね?」, ききたいかね?」,
STR_88_154E,ハ゛トルのルール,ハ゛トルのルール,
STR_88_1559,ハ゜ーティへんせい,ハ゜ーティへんせい,
STR_88_1565,ハッカーコマント゛,ハッカーコマント゛,
STR_88_1571,フィールト゛こうか,フィールト゛こうか,
STR_88_157D,Verアッフ゜,Verアッフ゜,
STR_88_1587,ハ゛ク゛のつかまえかた,ハ゛ク゛のつかまえかた,
STR_88_1595,ききたくない,ききたくない,
STR_88_1743,「そうか。\,「そうか。\,
STR_88_1753, しりたくなったら\, しりたくなったら\,
STR_88_1763, また きなさい」, また きなさい」,
STR_88_178C,「ハ゛トルて゛は\,「ハ゛トルて゛は\,
STR_88_179B, すは゛やいし゛ゅんに, すは゛やいし゛ゅんに,
STR_88_17B0, こうと゛うて゛きる。, こうと゛うて゛きる。,
STR_88_17C5, ハ゛トルか゛\, ハ゛トルか゛\,
STR_88_17D3, はし゛まると、, はし゛まると、,
STR_88_17E5, スヒ゜ート゛メーターか゛, スヒ゜ート゛メーターか゛,
STR_88_17F8, あか゛り、, あか゛り、,
STR_88_1808, スヒ゜ート゛メーターか゛, スヒ゜ート゛メーターか゛,
STR_88_181B, まんたんに なったら, まんたんに なったら,
STR_88_1830, し゛ゅんひ゛かんりょう, し゛ゅんひ゛かんりょう,
STR_88_1842, そのハ゛ク゛は, そのハ゛ク゛は,
STR_88_1854, こうけ゛きて゛きる\, こうけ゛きて゛きる\,
STR_88_1865, ようになる。, ようになる。,
STR_88_1876, スヒ゜ート゛メーターの\, スヒ゜ート゛メーターの\,
STR_88_1889, あか゛るスヒ゜ート゛は, あか゛るスヒ゜ート゛は,
STR_88_189F, ハ゛ク゛のすは゛やさに, ハ゛ク゛のすは゛やさに,
STR_88_18B1, よって かわってくる。, よって かわってくる。,
STR_88_18C7, すは゛やいハ゛ク゛は\, すは゛やいハ゛ク゛は\,
STR_88_18D9, おそいハ゛ク゛よりも, おそいハ゛ク゛よりも,
STR_88_18EE, こうけ゛きて゛きる\, こうけ゛きて゛きる\,
STR_88_18FF, チャンスか゛, チャンスか゛,
STR_88_1910, たくさんあるって\, たくさんあるって\,
STR_88_1920, ことた゛。, ことた゛。,
STR_88_1930, ハ゛ク゛は\, ハ゛ク゛は\,
STR_88_193D, わさ゛を つかって, わさ゛を つかって,
STR_88_1951, こうけ゛きする。, こうけ゛きする。,
STR_88_1964, 1と゛におほ゛えられる, 1と゛におほ゛えられる,
STR_88_1976, わさ゛は4つた゛。, わさ゛は4つた゛。,
STR_88_198A, わさ゛には\, わさ゛には\,
STR_88_1997, しようかいすうか゛あり, しようかいすうか゛あり,
STR_88_19AD, しようかいすうか゛\, しようかいすうか゛\,
STR_88_19BE, 0になると, 0になると,
STR_88_19CE, そのわさ゛は\, そのわさ゛は\,
STR_88_19DC, つかえなくなってしまう。, つかえなくなってしまう。,
STR_88_19F3, わさ゛の\, わさ゛の\,
STR_88_19FF, しようかいすうは, しようかいすうは,
STR_88_1A12, ハ゛トルちゅうに\, ハ゛トルちゅうに\,
STR_88_1A22, たいきを えらふ゛と, たいきを えらふ゛と,
STR_88_1A37, かんせ゛んに\, かんせ゛んに\,
STR_88_1A45, かいふくするそ゛。, かいふくするそ゛。,
STR_88_1A59, HPか゛0になると\, HPか゛0になると\,
STR_88_1A6A, シャットタ゛ウンた゛。, シャットタ゛ウンた゛。,
STR_88_1A80, シャットタ゛ウンすると, シャットタ゛ウンすると,
STR_88_1A92, そのハ゛トルちゅうは, そのハ゛トルちゅうは,
STR_88_1AA7, ふっかつて゛きないから, ふっかつて゛きないから,
STR_88_1AB9, きをつけろよ。, きをつけろよ。,
STR_88_1ACB, HPはリヘ゜アなと゛の, HPはリヘ゜アなと゛の,
STR_88_1ADD, ツールや\, ツールや\,
STR_88_1AED, ハ゛ク゛のわさ゛て゛\, ハ゛ク゛のわさ゛て゛\,
STR_88_1AFF, かいふくて゛きる。, かいふくて゛きる。,
STR_88_1B13, てきのハ゛ク゛を\, てきのハ゛ク゛を\,
STR_88_1B23, すへ゛て, すへ゛て,
STR_88_1B32, シャットタ゛ウン\, シャットタ゛ウン\,
STR_88_1B42, させれは゛かちた゛。, させれは゛かちた゛。,
STR_88_1B57, た゛か゛、し゛ふ゛んの, た゛か゛、し゛ふ゛んの,
STR_88_1B69, ハ゜ーティのハ゛ク゛か゛, ハ゜ーティのハ゛ク゛か゛,
STR_88_1B80, すへ゛て\, すへ゛て\,
STR_88_1B8C, シャットタ゛ウン, シャットタ゛ウン,
STR_88_1B9F, してしまうと\, してしまうと\,
STR_88_1BAD, まけになってしまうから, まけになってしまうから,
STR_88_1BC3, きをつけろよ」, きをつけろよ」,
STR_88_1BEB,「ハ゜ーティは\,「ハ゜ーティは\,
STR_88_1BF9, さいた゛いて゛, さいた゛いて゛,
STR_88_1C0B, 3たいまて゛ くみこむ, 3たいまて゛ くみこむ,
STR_88_1C1D, ことか゛て゛きる。, ことか゛て゛きる。,
STR_88_1C31, ハ゜ーティのへんせいは, ハ゜ーティのへんせいは,
STR_88_1C43, モハ゛イルのメニューて゛, モハ゛イルのメニューて゛,
STR_88_1C5A, おこなうことか゛\, おこなうことか゛\,
STR_88_1C6A, て゛きるそ゛。, て゛きるそ゛。,
STR_88_1C7C, たた゛しハ゜ーティに\, たた゛しハ゜ーティに\,
STR_88_1C8E, くみこむには, くみこむには,
STR_88_1C9F, チッフ゜を そうひ゛\, チッフ゜を そうひ゛\,
STR_88_1CB1, しないと タ゛メた゛。, しないと タ゛メた゛。,
STR_88_1CC7, た゛からチッフ゜は\, た゛からチッフ゜は\,
STR_88_1CD8, いつも おおめに, いつも おおめに,
STR_88_1CEB, もっておいたほうか゛\, もっておいたほうか゛\,
STR_88_1CFD, いいそ゛。, いいそ゛。,
STR_88_1D0D, へんせいには\, へんせいには\,
STR_88_1D1B, たいれつという, たいれつという,
STR_88_1D2D, ものか゛ある。, ものか゛ある。,
STR_88_1D3F, たいれつは ハ゛ク゛の, たいれつは ハ゛ク゛の,
STR_88_1D51, たっているいちて゛, たっているいちて゛,
STR_88_1D65, たいれつによって\, たいれつによって\,
STR_88_1D75, そのハ゛ク゛の, そのハ゛ク゛の,
STR_88_1D87, うけるタ゛メーシ゛や\, うけるタ゛メーシ゛や\,
STR_88_1D99, あたえるタ゛メーシ゛か゛, あたえるタ゛メーシ゛か゛,
STR_88_1DB0, おおきく\, おおきく\,
STR_88_1DBC, かわってくるんた゛。, かわってくるんた゛。,
STR_88_1DD1, せ゛んれつは、\, せ゛んれつは、\,
STR_88_1DE0, てきにあたえる, てきにあたえる,
STR_88_1DF2, タ゛メーシ゛は\, タ゛メーシ゛は\,
STR_88_1E01, おおきいか゛, おおきいか゛,
STR_88_1E12, てきから うける\, てきから うける\,
STR_88_1E22, タ゛メーシ゛もおおきい。, タ゛メーシ゛もおおきい。,
STR_88_1E39, ちゅうれつは、, ちゅうれつは、,
STR_88_1E4B, てきにあたえる\, てきにあたえる\,
STR_88_1E5A, タ゛メーシ゛も, タ゛メーシ゛も,
STR_88_1E6C, うけるタ゛メーシ゛も\, うけるタ゛メーシ゛も\,
STR_88_1E7E, かわらない。, かわらない。,
STR_88_1E8F, こうれつは\, こうれつは\,
STR_88_1E9C, てきからうける, てきからうける,
STR_88_1EAE, タ゛メーシ゛は\, タ゛メーシ゛は\,
STR_88_1EBD, すくなくなるか゛、, すくなくなるか゛、,
STR_88_1ED1, てきにあたえる\, てきにあたえる\,
STR_88_1EE0, タ゛メーシ゛もすくない。, タ゛メーシ゛もすくない。,
STR_88_1EF7, ハ゛ク゛には\, ハ゛ク゛には\,
STR_88_1F05, それそ゛れ, それそ゛れ,
STR_88_1F15, とくい\, とくい\,
STR_88_1F20, ふとくいか゛ある。, ふとくいか゛ある。,
STR_88_1F34, おなし゛\, おなし゛\,
STR_88_1F40, ハ゛ク゛は゛かりて゛, ハ゛ク゛は゛かりて゛,
STR_88_1F55, ハ゜ーティを\, ハ゜ーティを\,
STR_88_1F63, へんせいすると, へんせいすると,
STR_88_1F75, にか゛てなハ゛ク゛と\, にか゛てなハ゛ク゛と\,
STR_88_1F87, たたかうときに, AtcKときに,
STR_88_1F99, てもあしも\, てもあしも\,
STR_88_1FA6, て゛なくなってしまう。, て゛なくなってしまう。,
STR_88_1FBC, と゛んなハ゛ク゛か゛\, と゛んなハ゛ク゛か゛\,
STR_88_1FCE, おそってきても, おそってきても,
STR_88_1FE0, ゆういに\, ゆういに\,
STR_88_1FEC, たたかえるように, たたかえるように,
STR_88_1FFF, ハ゜ーティのへんせいを, ハ゜ーティのへんせいを,
STR_88_2011, するのか゛, するのか゛,
STR_88_2021, フ゜ロのハッカーなのさ。, フ゜ロのハッカーなのさ。,
STR_88_2038, そのためにも\, そのためにも\,
STR_88_2046, いろんなハ゛ク゛を, いろんなハ゛ク゛を,
STR_88_205A, つかまえることか゛\, つかまえることか゛\,
STR_88_206B, たいせつなんた゛よ」, たいせつなんた゛よ」,
STR_88_2096,「ハ゛トルは\,「ハ゛トルは\,
STR_88_20A3, ハ゛ク゛た゛けか゛, ハ゛ク゛た゛けか゛,
STR_88_20B7, さんか\, さんか\,
STR_88_20C2, するのて゛はない。, するのて゛はない。,
STR_88_20D6, ハッカー、\, ハッカー、\,
STR_88_20E3, つまり きみも, つまり きみも,
STR_88_20F5, ハ゛トルに さんか\, ハ゛トルに さんか\,
STR_88_2106, て゛きるんた゛。, て゛きるんた゛。,
STR_88_2119, きみか゛こうと゛う\, きみか゛こうと゛う\,
STR_88_212A, て゛きるようになると, て゛きるようになると,
STR_88_213F, ハッカーコマント゛か゛, ハッカーコマント゛か゛,
STR_88_2151, ひょうし゛される, ひょうし゛される,
STR_88_2164, このハッカーコマント゛, このハッカーコマント゛,
STR_88_2176, て゛は、, て゛は、,
STR_88_2185, ツールをつかって\, ツールをつかって\,
STR_88_2195, みかたハ゛ク゛のHPを, みかたハ゛ク゛のHPを,
STR_88_21AB, かいふくしたり、\, かいふくしたり、\,
STR_88_21BB, ワクチンをつかって, ワクチンをつかって,
STR_88_21CF, てきを つかまえたり\, てきを つかまえたり\,
STR_88_21E1, て゛きるんた゛。, て゛きるんた゛。,
STR_88_21F4, またハ゜ーティの\, またハ゜ーティの\,
STR_88_2204, へんせいもて゛きるそ゛。, へんせいもて゛きるそ゛。,
STR_88_221B, ハッカーコマント゛を\, ハッカーコマント゛を\,
STR_88_222D, うまく つかえは゛, うまく つかえは゛,
STR_88_2241, ハ゛トルを ゆういに\, ハ゛トルを ゆういに\,
STR_88_2253, すすめることか゛, すすめることか゛,
STR_88_2266, て゛きるそ゛!」, て゛きるそ゛!」,
STR_88_228F,「ハ゛トルて゛は\,「ハ゛トルて゛は\,
STR_88_229E, フィールト゛、, フィールト゛、,
STR_88_22B0, つまり ちけいによって, つまり ちけいによって,
STR_88_22C2, ハ゛ク゛の, ハ゛ク゛の,
STR_88_22D2, のうりょくか゛\, のうりょくか゛\,
STR_88_22E1, かわることか゛ある。, かわることか゛ある。,
STR_88_22F6, ちけいは\, ちけいは\,
STR_88_2302, ハ゛ク゛のメーカーと, ハ゛ク゛のメーカーと,
STR_88_2317, おなし゛て゛\, おなし゛て゛\,
STR_88_2325, 5しゅるいある。, 5しゅるいある。,
STR_88_2338, ハ゛ク゛のメーカーと\, ハ゛ク゛のメーカーと\,
STR_88_234A, ちけいの しゅるいか゛, ちけいの しゅるいか゛,
STR_88_2360, おなし゛は゛あい、\, おなし゛は゛あい、\,
STR_88_2371, そのハ゛ク゛の, そのハ゛ク゛の,
STR_88_2383, のうりょくか゛\, のうりょくか゛\,
STR_88_2392, アッフ゜するんた゛!, アッフ゜するんた゛!,
STR_88_23A7, き゛ゃくに\, き゛ゃくに\,
STR_88_23B4, ちけいの しゅるいか゛, ちけいの しゅるいか゛,
STR_88_23CA, にか゛てな\, にか゛てな\,
STR_88_23D7, ハ゛ク゛のは゛あい, ハ゛ク゛のは゛あい,
STR_88_23EB, そのハ゛ク゛の\, そのハ゛ク゛の\,
STR_88_23FA, のうりょくは, のうりょくは,
STR_88_240B, タ゛ウンしてしまう。, タ゛ウンしてしまう。,
STR_88_2420, この、ちけいと\, この、ちけいと\,
STR_88_242F, ハ゛ク゛の かんけいは, ハ゛ク゛の かんけいは,
STR_88_2445, ハ゛ク゛と゛うしの\, ハ゛ク゛と゛うしの\,
STR_88_2456, かんけいと, かんけいと,
STR_88_2466, おなし゛なんた゛。, おなし゛なんた゛。,
STR_88_247A, ちけいは\, ちけいは\,
STR_88_2486, ハ゛トルをしている, ハ゛トルをしている,
STR_88_249A, は゛しょによって\, は゛しょによって\,
STR_88_24AA, かわるそ゛。, かわるそ゛。,
STR_88_24BB, アミラント゛や\, アミラント゛や\,
STR_88_24CA, アミサファリエリアて゛, アミサファリエリアて゛,
STR_88_24E0, ハ゛トルを\, ハ゛トルを\,
STR_88_24ED, するは゛あい、, するは゛あい、,
STR_88_24FF, そのときの ちけいは\, そのときの ちけいは\,
STR_88_2511, FEになるんた゛。, FEになるんた゛。,
STR_88_2525, た゛からアミラント゛て゛, た゛からアミラント゛て゛,
STR_88_2538, ハ゛トルをするときは, ハ゛トルをするときは,
STR_88_254D, ちけいと おなし゛\, ちけいと おなし゛\,
STR_88_255E, FEメーカーの, FEメーカーの,
STR_88_2570, ハ゛ク゛をつかうと\, ハ゛ク゛をつかうと\,
STR_88_2581, たたかいをゆういに, たたかいをゆういに,
STR_88_2595, すすめられるのさ」, すすめられるのさ」,
STR_88_25BF,「ハ゛トルに かつと\,「ハ゛トルに かつと\,
STR_88_25D0, けいけんちか゛もらえる。, けいけんちか゛もらえる。,
STR_88_25E7, けいけんちは\, けいけんちは\,
STR_88_25F5, そのハ゛トルに, そのハ゛トルに,
STR_88_2607, さんかしたハ゛ク゛は\, さんかしたハ゛ク゛は\,
STR_88_2619, みんなもらえるんた゛。, みんなもらえるんた゛。,
STR_88_262F, たた゛し\, たた゛し\,
STR_88_263B, ハ゛トルにさんかした, ハ゛トルにさんかした,
STR_88_2650, ハ゛ク゛か゛おおけれは゛, ハ゛ク゛か゛おおけれは゛,
STR_88_2663, おおいほと゛, おおいほと゛,
STR_88_2674, 1たいか゛もらえる\, 1たいか゛もらえる\,
STR_88_2685, けんけんちは, けんけんちは,
STR_88_2696, へってしまうそ゛。, へってしまうそ゛。,
STR_88_26AA, けんけんちを\, けんけんちを\,
STR_88_26B8, ためると、, ためると、,
STR_88_26C8, Ver=ハ゛ーシ゛ョン, Ver=ハ゛ーシ゛ョン,
STR_88_26DA, か゛アッフ゜する。, か゛アッフ゜する。,
STR_88_26EE, Verとは レヘ゛ルの, Verとは レヘ゛ルの,
STR_88_2700, ようなものた゛。, ようなものた゛。,
STR_88_2713, またハ゛ク゛のなかには, またハ゛ク゛のなかには,
STR_88_2725, Verか゛あか゛ると, Verか゛あか゛ると,
STR_88_273A, しんかするハ゛ク゛も\, しんかするハ゛ク゛も\,
STR_88_274C, いるようた゛。, いるようた゛。,
STR_88_275E, Verか゛\, Verか゛\,
STR_88_276B, あか゛るのは、, あか゛るのは、,
STR_88_277D, ハ゛ク゛た゛けて゛は\, ハ゛ク゛た゛けて゛は\,
STR_88_278F, ないそ゛。, ないそ゛。,
STR_88_279F, ハッカーし゛しんも\, ハッカーし゛しんも\,
STR_88_27B0, けいけんをつむことて゛, けいけんをつむことて゛,
STR_88_27C6, Verか゛\, Verか゛\,
STR_88_27D3, あか゛るんた゛。, あか゛るんた゛。,
STR_88_27E6, ハッカーのVerか゛\, ハッカーのVerか゛\,
STR_88_27F8, あか゛ると, あか゛ると,
STR_88_2808, ハ゛ク゛を つかまえる, ハ゛ク゛を つかまえる,
STR_88_281A, かくりつや、, かくりつや、,
STR_88_282B, ハ゛トルて゛の\, ハ゛トルて゛の\,
STR_88_283A, すは゛やさも, すは゛やさも,
STR_88_284B, アッフ゜するそ゛」, アッフ゜するそ゛」,
STR_88_2875,「ハ゛ク゛はワクチンて゛,「ハ゛ク゛はワクチンて゛,
STR_88_2887, つかまえられる。, つかまえられる。,
STR_88_289A, ハ゛トルちゅうに\, ハ゛トルちゅうに\,
STR_88_28AA, つかまえたいハ゛ク゛に, つかまえたいハ゛ク゛に,
STR_88_28C0, ワクチンをつかうと\, ワクチンをつかうと\,
STR_88_28D1, ハ゛ク゛のウイルスを, ハ゛ク゛のウイルスを,
STR_88_28E6, し゛ょきょすることか゛, し゛ょきょすることか゛,
STR_88_28F8, て゛きる。, て゛きる。,
STR_88_2908, ウイルスを すへ゛て\, ウイルスを すへ゛て\,
STR_88_291A, し゛ょきょしてやれは゛, し゛ょきょしてやれは゛,
STR_88_2930, そのハ゛ク゛を\, そのハ゛ク゛を\,
STR_88_293F, なかまにて゛きるんた゛, なかまにて゛きるんた゛,
STR_88_2955, ワクチンにはいろいろな, ワクチンにはいろいろな,
STR_88_2967, しゅるいか゛ある。, しゅるいか゛ある。,
STR_88_297B, またワクチンか゛\, またワクチンか゛\,
STR_88_298B, ききにくいは゛あいは, ききにくいは゛あいは,
STR_88_29A0, ハ゛ク゛を よわらせて, ハ゛ク゛を よわらせて,
STR_88_29B2, からつかうと, からつかうと,
STR_88_29C3, ワクチンの\, ワクチンの\,
STR_88_29D0, こうかか゛あか゛るそ゛, こうかか゛あか゛るそ゛,
STR_88_29E6, またハッカーのVerか゛, またハッカーのVerか゛,
STR_88_29F9, たかいと, たかいと,
STR_88_2A08, おなし゛ワクチンて゛も, おなし゛ワクチンて゛も,
STR_88_2A1A, こうかか゛あか゛るんた゛, こうかか゛あか゛るんた゛,
STR_88_2A31, ワクチンは\, ワクチンは\,
STR_88_2A3E, ハッカーコマント゛て゛, ハッカーコマント゛て゛,
STR_88_2A54, つかうことか゛\, つかうことか゛\,
STR_88_2A63, て゛きるそ゛。, て゛きるそ゛。,
STR_88_2A75, いつ つかまえたい\, いつ つかまえたい\,
STR_88_2A86, ハ゛ク゛か゛, ハ゛ク゛か゛,
STR_88_2A97, て゛てくるか\, て゛てくるか\,
STR_88_2AA5, わからない。, わからない。,
STR_88_2AB6, た゛からワクチンは\, た゛からワクチンは\,
STR_88_2AC7, いつもおおめに, いつもおおめに,
STR_88_2AD9, もっておいたほうか゛\, もっておいたほうか゛\,
STR_88_2AEB, いいそ゛」, いいそ゛」,
STR_88_2B11,メニューせんせい\,メニューせんせい\,
STR_88_2B20,「わたしは,「わたしは,
STR_88_2B2F, メニューの\, メニューの\,
STR_88_2B3C, せんもんかた゛。, せんもんかた゛。,
STR_88_2B4F, なにについて\, なにについて\,
STR_88_2B5D, ききたいかね?」, ききたいかね?」,
STR_88_2BDB,モハ゛イルについて,モハ゛イルについて,
STR_88_2BE7,アクセスホ゜イントについて,アクセスホ゜イントについて,
STR_88_2BF7,アイテムのしゅるい,アイテムのしゅるい,
STR_88_2C03,ワクチン・ツールについて,ワクチン・ツールについて,
STR_88_2C12,チッフ゜について,チッフ゜について,
STR_88_2C1D,ショッフ゜について,ショッフ゜について,
STR_88_2C29,ききたくない,ききたくない,
STR_88_2DD7,「そうか。\,「そうか。\,
STR_88_2DE7, しりたくなったら\, しりたくなったら\,
STR_88_2DF7, また きなさい」, また きなさい」,
STR_88_2E20,「スタートホ゛タンを\,「スタートホ゛タンを\,
STR_88_2E31, おすと、, おすと、,
STR_88_2E40, モハ゛イルを\, モハ゛イルを\,
STR_88_2E4E, みることか゛て゛きる。, みることか゛て゛きる。,
STR_88_2E64, モハ゛イルて゛は\, モハ゛イルて゛は\,
STR_88_2E74, チッフ゜やワクチンなと゛, チッフ゜やワクチンなと゛,
STR_88_2E8B, アイテムや、\, アイテムや、\,
STR_88_2E99, てもちハ゛ク゛の, てもちハ゛ク゛の,
STR_88_2EAC, かんりか゛\, かんりか゛\,
STR_88_2EB9, て゛きるんた゛。, て゛きるんた゛。,
STR_88_2ECC, ハ゛ク゛にチッフ゜を\, ハ゛ク゛にチッフ゜を\,
STR_88_2EDE, そうひ゛させたり、, そうひ゛させたり、,
STR_88_2EF2, ハ゜ーティの\, ハ゜ーティの\,
STR_88_2F00, へんせいを, へんせいを,
STR_88_2F10, おこなったりするのも、, おこなったりするのも、,
STR_88_2F22, このモハ゛イルて゛, このモハ゛イルて゛,
STR_88_2F36, おこなうんた゛よ。, おこなうんた゛よ。,
STR_88_2F4A, そのほかに、つかまえた, そのほかに、つかまえた,
STR_88_2F5C, ハ゛ク゛のリストを, ハ゛ク゛のリストを,
STR_88_2F70, みることか゛て゛きる\, みることか゛て゛きる\,
STR_88_2F82, ハ゛ク゛リストや、, ハ゛ク゛リストや、,
STR_88_2F96, ハ゛トルのアニメの\, ハ゛トルのアニメの\,
STR_88_2FA7, オン・オフや, オン・オフや,
STR_88_2FB8, メッセーシ゛の\, メッセーシ゛の\,
STR_88_2FC7, スヒ゜ート゛のへんこう, スヒ゜ート゛のへんこう,
STR_88_2FDD, ハ゛ク゛センサーの\, ハ゛ク゛センサーの\,
STR_88_2FEE, オン・オフも, オン・オフも,
STR_88_2FFF, このモハ゛イルて゛\, このモハ゛イルて゛\,
STR_88_3010, おこなうんた゛よ。, おこなうんた゛よ。,
STR_88_3024, モハ゛イルはハッカーの, モハ゛イルはハッカーの,
STR_88_3036, ひつし゛ゅひんた゛から, ひつし゛ゅひんた゛から,
STR_88_304C, しっかり\, しっかり\,
STR_88_3058, おほ゛えるんた゛よ」, おほ゛えるんた゛よ」,
STR_88_3083,「アクセスホ゜イントは\,「アクセスホ゜イントは\,
STR_88_3095, セーフ゛をしたり、, セーフ゛をしたり、,
STR_88_30A9, ハ゛ク゛サイトと\, ハ゛ク゛サイトと\,
STR_88_30B9, け゛んし゛つせかいを, け゛んし゛つせかいを,
STR_88_30CE, いききしたりするときに, いききしたりするときに,
STR_88_30E0, りようするんた゛。, りようするんた゛。,
STR_88_30F4, また、し゛と゛うてきに, また、し゛と゛うてきに,
STR_88_3106, ハ゛ク゛のHPの, ハ゛ク゛のHPの,
STR_88_3119, かいふくも\, かいふくも\,
STR_88_3126, してくれるそ゛。, してくれるそ゛。,
STR_88_3139, そのほかにも いろんな, そのほかにも いろんな,
STR_88_314B, きのうか゛ある。, きのうか゛ある。,
STR_88_315E, ハ゛ク゛サーハ゛ーは\, ハ゛ク゛サーハ゛ーは\,
STR_88_3170, ハ゛ク゛をあす゛けたり, ハ゛ク゛をあす゛けたり,
STR_88_3186, ひきた゛したりする\, ひきた゛したりする\,
STR_88_3197, ことか゛て゛きる。, ことか゛て゛きる。,
STR_88_31AB, フ゛ラウサ゛は\, フ゛ラウサ゛は\,
STR_88_31BA, ハ゛ク゛メーカーの, ハ゛ク゛メーカーの,
STR_88_31CE, ホームヘ゜ーシ゛を\, ホームヘ゜ーシ゛を\,
STR_88_31DF, みたり、, みたり、,
STR_88_31EE, ネットオークションか゛, ネットオークションか゛,
STR_88_3200, て゛きるそ゛。, て゛きるそ゛。,
STR_88_3212, ハ゛ク゛メーカーの\, ハ゛ク゛メーカーの\,
STR_88_3223, ホームヘ゜ーシ゛て゛は, ホームヘ゜ーシ゛て゛は,
STR_88_3239, ハ゜スワート゛を\, ハ゜スワート゛を\,
STR_88_3249, にゅうりょくすると, にゅうりょくすると,
STR_88_325D, シークレットハ゛ク゛か゛, シークレットハ゛ク゛か゛,
STR_88_3270, てにはいるらしい。, てにはいるらしい。,
STR_88_3284, しかしハ゜スワート゛は, しかしハ゜スワート゛は,
STR_88_3296, こ゛くひて゛, こ゛くひて゛,
STR_88_32A7, た゛れも\, た゛れも\,
STR_88_32B3, しらないようた゛。, しらないようた゛。,
STR_88_32C7, いろいろためしてみると, いろいろためしてみると,
STR_88_32D9, あたるかもな。, あたるかもな。,
STR_88_32EB, セーフ゛するときは\, セーフ゛するときは\,
STR_88_32FC, セーフ゛のアイコンを, セーフ゛のアイコンを,
STR_88_3311, せんたくするんた゛。, せんたくするんた゛。,
STR_88_3326, タ゛イフ゛アイコンを\, タ゛イフ゛アイコンを\,
STR_88_3338, せんたくすると, せんたくすると,
STR_88_334A, ハ゛ク゛サイトと\, ハ゛ク゛サイトと\,
STR_88_335A, け゛んし゛つせかいの, け゛んし゛つせかいの,
STR_88_336F, いききか゛\, いききか゛\,
STR_88_337C, て゛きるそ゛。, て゛きるそ゛。,
STR_88_338E, ハ゛ク゛サーハ゛ーに\, ハ゛ク゛サーハ゛ーに\,
STR_88_33A0, あす゛けきれなくなった, あす゛けきれなくなった,
STR_88_33B6, ハ゛ク゛は\, ハ゛ク゛は\,
STR_88_33C3, コ゛ミは゛こて゛, コ゛ミは゛こて゛,
STR_88_33D6, ハ゛ク゛のテ゛ータを\, ハ゛ク゛のテ゛ータを\,
STR_88_33E8, けすことか゛て゛きる。, けすことか゛て゛きる。,
STR_88_33FE, それと、\, それと、\,
STR_88_340A, アクセスホ゜イントには, アクセスホ゜イントには,
STR_88_3420, タ゛イフ゛て゛きる\, タ゛イフ゛て゛きる\,
STR_88_3431, ホ゜イントと、, ホ゜イントと、,
STR_88_3443, タ゛イフ゛て゛きない\, タ゛イフ゛て゛きない\,
STR_88_3455, ホ゜イントの, ホ゜イントの,
STR_88_3466, 2しゅるいあるそ゛。, 2しゅるいあるそ゛。,
STR_88_347B, セーフ゛は\, セーフ゛は\,
STR_88_3488, アクセスホ゜イントなら, アクセスホ゜イントなら,
STR_88_349E, と゛こて゛も\, と゛こて゛も\,
STR_88_34AC, て゛きるから、, て゛きるから、,
STR_88_34BE, こまめにセーフ゛する\, こまめにセーフ゛する\,
STR_88_34D0, ようにな」, ようにな」,
STR_88_34F6,「アイテムには\,「アイテムには\,
STR_88_3504, おおきくわけて, おおきくわけて,
STR_88_3516, 3つのしゅるいか゛\, 3つのしゅるいか゛\,
STR_88_3527, あるんた゛。, あるんた゛。,
STR_88_3538, ワクチン・ツール、\, ワクチン・ツール、\,
STR_88_3549, チッフ゜、, チッフ゜、,
STR_88_3559, ハ゜スワート゛か゛\, ハ゜スワート゛か゛\,
STR_88_356A, その3しゅるいさ。, その3しゅるいさ。,
STR_88_357E, モハ゛イルの\, モハ゛イルの\,
STR_88_358C, アイテムらんも, アイテムらんも,
STR_88_359E, 3つに わかれていて、, 3つに わかれていて、,
STR_88_35B0, +し゛ホ゛タンの\, +し゛ホ゛タンの\,
STR_88_35C4, さゆうて゛きりかえか゛\, さゆうて゛きりかえか゛\,
STR_88_35D7, て゛きるそ゛。, て゛きるそ゛。,
STR_88_35E9, またカーソルて゛\, またカーソルて゛\,
STR_88_35F9, えらんて゛いる, えらんて゛いる,
STR_88_360B, アイテムのせつめいも\, アイテムのせつめいも\,
STR_88_361D, ひょうし゛されるから、, ひょうし゛されるから、,
STR_88_3633, なにかアイテムを\, なにかアイテムを\,
STR_88_3643, てにいれたときは, てにいれたときは,
STR_88_3656, そこて゛かくにんすると\, そこて゛かくにんすると\,
STR_88_3669, いいた゛ろう。, いいた゛ろう。,
STR_88_367B, アイテムは\, アイテムは\,
STR_88_3688, もっていても, もっていても,
STR_88_3699, つかえるときと\, つかえるときと\,
STR_88_36A8, つかえないときか゛ある。, つかえないときか゛ある。,
STR_88_36BF, ワクチンは\, ワクチンは\,
STR_88_36CC, ハ゛ク゛を, ハ゛ク゛を,
STR_88_36DC, つかまえるために\, つかまえるために\,
STR_88_36EC, ハ゛トルて゛しようする。, ハ゛トルて゛しようする。,
STR_88_3703, ツールの\, ツールの\,
STR_88_370F, リヘ゜アなと゛、, リヘ゜アなと゛、,
STR_88_3722, ハ゛ク゛のHPを\, ハ゛ク゛のHPを\,
STR_88_3732, かいふくさせるものは, かいふくさせるものは,
STR_88_3747, ハ゛トルいか゛いて゛も, ハ゛トルいか゛いて゛も,
STR_88_3759, つかうことか゛て゛きる。, つかうことか゛て゛きる。,
STR_88_3770, た゛か゛それいか゛いの, た゛か゛それいか゛いの,
STR_88_3782, ツールは ほとんと゛, ツールは ほとんと゛,
STR_88_3797, ハ゛トルて゛しか\, ハ゛トルて゛しか\,
STR_88_37A7, つかうことか゛, つかうことか゛,
STR_88_37B9, て゛きないんた゛。, て゛きないんた゛。,
STR_88_37CD, またチッフ゜や\, またチッフ゜や\,
STR_88_37DC, そのほかのアイテムは, そのほかのアイテムは,
STR_88_37F1, アイテムらんて゛\, アイテムらんて゛\,
STR_88_3801, かくにんはて゛きるか゛, かくにんはて゛きるか゛,
STR_88_3817, つかうことは\, つかうことは\,
STR_88_3825, て゛きないそ゛」, て゛きないそ゛」,
STR_88_384E,「ワクチンは ウイルスを,「ワクチンは ウイルスを,
STR_88_3860, し゛ょきょするものた゛, し゛ょきょするものた゛,
STR_88_3876, ハ゛トルちゅう てきに, ハ゛トルちゅう てきに,
STR_88_3888, ワクチンをつかうことて゛, ワクチンをつかうことて゛,
STR_88_389F, ハ゛ク゛のウイルスを\, ハ゛ク゛のウイルスを\,
STR_88_38B1, し゛ょきょして, し゛ょきょして,
STR_88_38C3, つかまえることか゛\, つかまえることか゛\,
STR_88_38D4, て゛きる。, て゛きる。,
STR_88_38E4, ワクチンには\, ワクチンには\,
STR_88_38F2, いろいろな, いろいろな,
STR_88_3902, しゅるいか゛\, しゅるいか゛\,
STR_88_3910, あるそ゛。, あるそ゛。,
STR_88_3920, きほんてきに\, きほんてきに\,
STR_88_392E, ねた゛んか゛たかい, ねた゛んか゛たかい,
STR_88_3942, ワクチンは\, ワクチンは\,
STR_88_394F, それた゛け こうかも, それた゛け こうかも,
STR_88_3964, おおきい。, おおきい。,
STR_88_3974, またFEワクチンや\, またFEワクチンや\,
STR_88_3985, ルカ゛ーワクチンなと゛, ルカ゛ーワクチンなと゛,
STR_88_399B, とくていのメーカーのみ, とくていのメーカーのみ,
STR_88_39AD, ゆうこうな, ゆうこうな,
STR_88_39BD, ワクチンも\, ワクチンも\,
STR_88_39CA, あるんた゛。, あるんた゛。,
STR_88_39DB, ワクチンは\, ワクチンは\,
STR_88_39E8, ハ゛ク゛を, ハ゛ク゛を,
STR_88_39F8, つかまえるために\, つかまえるために\,
STR_88_3A08, かかせないものた゛から, かかせないものた゛から,
STR_88_3A1E, いろいろためして\, いろいろためして\,
STR_88_3A2E, こうかを おほ゛えると, こうかを おほ゛えると,
STR_88_3A44, いいた゛ろう。, いいた゛ろう。,
STR_88_3A56, ツールにも いろいろな, ツールにも いろいろな,
STR_88_3A68, しゅるいか゛あるそ゛。, しゅるいか゛あるそ゛。,
STR_88_3A7E, リヘ゜アなと゛HPを\, リヘ゜アなと゛HPを\,
STR_88_3A90, かいふくさせるもの、, かいふくさせるもの、,
STR_88_3AA5, ハ゜ワーアッフ゜なと゛, ハ゜ワーアッフ゜なと゛,
STR_88_3AB7, ハ゛トルて゛ハ゛ク゛の, ハ゛トルて゛ハ゛ク゛の,
STR_88_3ACD, のうりょくを\, のうりょくを\,
STR_88_3ADB, あけ゛るものなと゛、, あけ゛るものなと゛、,
STR_88_3AF0, やくにたつもの\, やくにたつもの\,
STR_88_3AFF, は゛かりた゛。, は゛かりた゛。,
STR_88_3B11, ツールをうまく\, ツールをうまく\,
STR_88_3B20, つかいこなせは゛, つかいこなせは゛,
STR_88_3B33, ハ゛トルか゛うんと\, ハ゛トルか゛うんと\,
STR_88_3B44, らくになるた゛ろう。, らくになるた゛ろう。,
STR_88_3B59, たとえは゛、, たとえは゛、,
STR_88_3B6A, すは゛さやか゛\, すは゛さやか゛\,
STR_88_3B79, おそいハ゛ク゛に、, おそいハ゛ク゛に、,
STR_88_3B8D, スヒ゜ート゛アッフ゜を, スヒ゜ート゛アッフ゜を,
STR_88_3B9F, つかって, つかって,
STR_88_3BAE, すは゛やさを\, すは゛やさを\,
STR_88_3BBC, あけ゛たり、, あけ゛たり、,
STR_88_3BCD, フ゜ロテクトを\, フ゜ロテクトを\,
STR_88_3BDC, つかって, つかって,
STR_88_3BEB, ほ゛うき゛ょりょくを\, ほ゛うき゛ょりょくを\,
STR_88_3BFD, あけ゛たりて゛きるんた゛, あけ゛たりて゛きるんた゛,
STR_88_3C14, また FEソ゛ーンや\, また FEソ゛ーンや\,
STR_88_3C26, ルカ゛ーソ゛ーンなと゛, ルカ゛ーソ゛ーンなと゛,
STR_88_3C3C, ハ゛トルの ちけいを\, ハ゛トルの ちけいを\,
STR_88_3C4E, かえるものや、, かえるものや、,
STR_88_3C60, ショックカ゛ート゛や\, ショックカ゛ート゛や\,
STR_88_3C72, たいねつマントといった, たいねつマントといった,
STR_88_3C88, ハ゛ク゛に たいせいを, ハ゛ク゛に たいせいを,
STR_88_3C9A, つけるものなと゛, つけるものなと゛,
STR_88_3CAD, とてもへ゛んりな\, とてもへ゛んりな\,
STR_88_3CBD, ツールもあるんた゛。, ツールもあるんた゛。,
STR_88_3CD2, それそ゛れのツールの\, それそ゛れのツールの\,
STR_88_3CE4, こうかを おほ゛えて, こうかを おほ゛えて,
STR_88_3CF9, ハ゛トルて゛\, ハ゛トルて゛\,
STR_88_3D07, うまくつかえは゛, うまくつかえは゛,
STR_88_3D1A, ヒ゜ンチを\, ヒ゜ンチを\,
STR_88_3D27, のりこえることか゛, のりこえることか゛,
STR_88_3D3B, て゛きるた゛ろう」, て゛きるた゛ろう」,
STR_88_3D65,「ハッカーは\,「ハッカーは\,
STR_88_3D72, ハ゛ク゛にチッフ゜を, ハ゛ク゛にチッフ゜を,
STR_88_3D87, そうひ゛させることて゛, そうひ゛させることて゛,
STR_88_3D99, そのハ゛ク゛を, そのハ゛ク゛を,
STR_88_3DAB, あやつれるように\, あやつれるように\,
STR_88_3DBB, なるんた゛。, なるんた゛。,
STR_88_3DCC, た゛から、チッフ゜を\, た゛から、チッフ゜を\,
STR_88_3DDE, そうひ゛していない, そうひ゛していない,
STR_88_3DF2, ハ゛ク゛はハ゜ーティに, ハ゛ク゛はハ゜ーティに,
STR_88_3E04, くみこむことか゛, くみこむことか゛,
STR_88_3E17, て゛きない。, て゛きない。,
STR_88_3E28, チッフ゜のそうひ゛は\, チッフ゜のそうひ゛は\,
STR_88_3E3A, モハ゛イルて゛, モハ゛イルて゛,
STR_88_3E4C, おこなうことか゛\, おこなうことか゛\,
STR_88_3E5C, て゛きるそ゛。, て゛きるそ゛。,
STR_88_3E6E, チッフ゜をそうひ゛する, チッフ゜をそうひ゛する,
STR_88_3E80, ハ゛ク゛をせんたくして, ハ゛ク゛をせんたくして,
STR_88_3E96, チッフ゜をえらへ゛は゛, チッフ゜をえらへ゛は゛,
STR_88_3EA8, チッフ゜の, チッフ゜の,
STR_88_3EB8, そうひ゛か゛めんになる。, そうひ゛か゛めんになる。,
STR_88_3ECB, そこて゛チッフ゜を, そこて゛チッフ゜を,
STR_88_3EDF, そうひ゛するんた゛。, そうひ゛するんた゛。,
STR_88_3EF4, またハ゛ク゛は\, またハ゛ク゛は\,
STR_88_3F03, チッフ゜をそうひ゛, チッフ゜をそうひ゛,
STR_88_3F17, するとステータスか゛\, するとステータスか゛\,
STR_88_3F29, アッフ゜するんた゛。, アッフ゜するんた゛。,
STR_88_3F3E, アッフ゜する\, アッフ゜する\,
STR_88_3F4C, ステータスは, ステータスは,
STR_88_3F5D, チッフ゜によって\, チッフ゜によって\,
STR_88_3F6D, かわってくるそ゛。, かわってくるそ゛。,
STR_88_3F81, ハ゛ク゛か゛もっている, ハ゛ク゛か゛もっている,
STR_88_3F93, わさ゛によって, わさ゛によって,
STR_88_3FA5, チッフ゜を つかい\, チッフ゜を つかい\,
STR_88_3FB6, わけるといいた゛ろう。, わけるといいた゛ろう。,
STR_88_3FCC, さらに、\, さらに、\,
STR_88_3FD8, チッフ゜のなかには, チッフ゜のなかには,
STR_88_3FEC, ハ゛ク゛に たいせいを, ハ゛ク゛に たいせいを,
STR_88_3FFE, つけるものもあるようた゛, つけるものもあるようた゛,
STR_88_4015, いろいろ ためして\, いろいろ ためして\,
STR_88_4026, みると いいた゛ろう。, みると いいた゛ろう。,
STR_88_403C, チッフ゜は\, チッフ゜は\,
STR_88_4049, ハッカーランクか゛, ハッカーランクか゛,
STR_88_405D, あか゛ると\, あか゛ると\,
STR_88_406A, あつかえるものか゛, あつかえるものか゛,
STR_88_407E, ふえていくんた゛。, ふえていくんた゛。,
STR_88_4092, たかいランクの\, たかいランクの\,
STR_88_40A1, チッフ゜は, チッフ゜は,
STR_88_40B1, それた゛けハ゛ク゛の\, それた゛けハ゛ク゛の\,
STR_88_40C3, ステータスか゛, ステータスか゛,
STR_88_40D5, おおきくアッフ゜する。, おおきくアッフ゜する。,
STR_88_40EB, ハッカーランクか゛\, ハッカーランクか゛\,
STR_88_40FC, あか゛ったら、, あか゛ったら、,
STR_88_410E, つよいチッフ゜に\, つよいチッフ゜に\,
STR_88_411E, そうひ゛しなおした, そうひ゛しなおした,
STR_88_4132, ほうか゛いいそ゛」, ほうか゛いいそ゛」,
STR_88_415C,「アイテムは\,「アイテムは\,
STR_88_4169, おもに、, おもに、,
STR_88_4178, ショッフ゜て゛\, ショッフ゜て゛\,
STR_88_4187, かうことて゛, かうことて゛,
STR_88_4198, てにいれることか゛\, てにいれることか゛\,
STR_88_41A9, て゛きる。, て゛きる。,
STR_88_41B9, ショッフ゜は\, ショッフ゜は\,
STR_88_41C7, 3しゅるいあって, 3しゅるいあって,
STR_88_41DA, ワクチン・ツールを\, ワクチン・ツールを\,
STR_88_41EB, うっているショッフ゜。, うっているショッフ゜。,
STR_88_4201, チッフ゜を\, チッフ゜を\,
STR_88_420E, うっているショッフ゜。, うっているショッフ゜。,
STR_88_4224, ハ゛ク゛を\, ハ゛ク゛を\,
STR_88_4231, うっているショッフ゜の, うっているショッフ゜の,
STR_88_4247, 3しゅるいた゛。, 3しゅるいた゛。,
STR_88_425A, ショッフ゜は\, ショッフ゜は\,
STR_88_4268, かうた゛けし゛ゃなくて, かうた゛けし゛ゃなくて,
STR_88_427E, いらないものを\, いらないものを\,
STR_88_428D, うることもて゛きるんた゛, うることもて゛きるんた゛,
STR_88_42A4, またショッフ゜によって, またショッフ゜によって,
STR_88_42B6, うっているものか゛, うっているものか゛,
STR_88_42CA, ちか゛うから、\, ちか゛うから、\,
STR_88_42D9, あたらしいラント゛や, あたらしいラント゛や,
STR_88_42EE, テクノエリアにいったら, テクノエリアにいったら,
STR_88_4300, ショッフ゜に, ショッフ゜に,
STR_88_4311, よってみると\, よってみると\,
STR_88_431F, いいそ゛。, いいそ゛。,
STR_88_432F, そうそう、\, そうそう、\,
STR_88_433C, ショッフ゜のなかには, ショッフ゜のなかには,
STR_88_4351, オトナしか\, オトナしか\,
STR_88_435E, はいれない、, はいれない、,
STR_88_436F, とくへ゛つな\, とくへ゛つな\,
STR_88_437D, ショッフ゜も, ショッフ゜も,
STR_88_438E, あるようた゛よ」, あるようた゛よ」,
,,,
STR_89_86,アクセスホ゜イントを\,アクセスホ゜イントを\,
STR_89_97,つかうことか゛て゛きない。,つかうことか゛て゛きない。,
STR_89_AE,かいせんか゛\,かいせんか゛\,
STR_89_BB,きれているようた゛,きれているようた゛,
STR_89_E4,「ここは\,「ここは\,
STR_89_EF, カ゛ーテ゛ィアンの, カ゛ーテ゛ィアンの,
STR_89_103, かくラント゛\, かくラント゛\,
STR_89_111, しふ゛て゛す。, しふ゛て゛す。,
STR_89_123, ほかの\, ほかの\,
STR_89_12E, カ゛ーテ゛ィアンの, カ゛ーテ゛ィアンの,
STR_89_142, ハッカーたちと\, ハッカーたちと\,
STR_89_151, ハ゛トルや, ハ゛トルや,
STR_89_161, ツール、\, ツール、\,
STR_89_16D, ハ゛ク゛なと゛の, ハ゛ク゛なと゛の,
STR_89_180, こうかんなと゛か゛\, こうかんなと゛か゛\,
STR_89_191, て゛きます」, て゛きます」,
STR_89_1B8,「ここて゛は\,「ここて゛は\,
STR_89_1C5, ツールやハ゛ク゛の, ツールやハ゛ク゛の,
STR_89_1D9, つうしんこうかんか゛\, つうしんこうかんか゛\,
STR_89_1EB, て゛きます。, て゛きます。,
STR_89_1FC, こちらの\, こちらの\,
STR_89_208, たんまつを, たんまつを,
STR_89_218, おつかいくた゛さい」, おつかいくた゛さい」,
STR_89_243,「こちらの きかいて゛\,「こちらの きかいて゛\,
STR_89_255, ハ゛ク゛のかいふくか゛, ハ゛ク゛のかいふくか゛,
STR_89_26B, て゛きます。, て゛きます。,
STR_89_27C, こ゛し゛ゆうに\, こ゛し゛ゆうに\,
STR_89_28B, こ゛りようくた゛さい」, こ゛りようくた゛さい」,
STR_89_2B7,「ここは\,「ここは\,
STR_89_2C2, ほかのハッカーと, ほかのハッカーと,
STR_89_2D5, つうしんたいせんを\, つうしんたいせんを\,
STR_89_2E6, するところて゛す。, するところて゛す。,
STR_89_2FA, つうしん\, つうしん\,
STR_89_306, たいせんこ゛の, たいせんこ゛の,
STR_89_318, ハ゛ク゛の\, ハ゛ク゛の\,
STR_89_325, し゛ょうたいは, し゛ょうたいは,
STR_89_337, たいせんまえに\, たいせんまえに\,
STR_89_346, もと゛っています。, もと゛っています。,
STR_89_35A, つうしんたいせんを\, つうしんたいせんを\,
STR_89_36B, しますか?」, しますか?」,
STR_89_3B9,「いまのし゛ょうたいを\,「いまのし゛ょうたいを\,
STR_89_3CB, セーフ゛します。, セーフ゛します。,
STR_89_3DE, よろしいて゛すか?」, よろしいて゛すか?」,
STR_89_445,セーフ゛しました!,セーフ゛しました!,
STR_89_48A,つうしんたいせんか゛,つうしんたいせんか゛,
STR_89_49A,て゛きません。,て゛きません。,
STR_89_4AB,つうしんケーフ゛ルを\,つうしんケーフ゛ルを\,
STR_89_4BC,こ゛かくにんのうえ、,こ゛かくにんのうえ、,
STR_89_4D0,はし゛めから\,はし゛めから\,
STR_89_4DD,やりなおしてくた゛さい。,やりなおしてくた゛さい。,
STR_89_4F8,たいせんの,たいせんの,
STR_89_503,し゛ゅんひ゛か゛,し゛ゅんひ゛か゛,
STR_89_515,て゛きました。,て゛きました。,
STR_89_526,て゛は,て゛は,
STR_89_52F,たいせんをはし゛めます。,たいせんをはし゛めます。,
STR_89_578,かいせんか゛,かいせんか゛,
STR_89_584,せつた゛んされました。,せつた゛んされました。,
STR_89_599,つうしんケーフ゛ルを,つうしんケーフ゛ルを,
STR_89_5A9,こ゛かくにんのうえ,こ゛かくにんのうえ,
STR_89_5BC,はし゛めから,はし゛めから,
STR_89_5C8,やりなおしてくた゛さい,やりなおしてくた゛さい,
STR_89_5EF,ここは ほかのハッカーと\,ここは ほかのハッカーと\,
STR_89_602,アイテムやハ゛ク゛の こうかんを,アイテムやハ゛ク゛の こうかんを,
STR_89_61C,おこなうところて゛す。,おこなうところて゛す。,
STR_89_631,こうかんしますか?,こうかんしますか?,
STR_89_681,いまのし゛ょうたいを\,いまのし゛ょうたいを\,
STR_89_692,セーフ゛してもいいて゛すか?,セーフ゛してもいいて゛すか?,
STR_89_6FC,セーフ゛しました!,セーフ゛しました!,
STR_89_744,こうかんを,こうかんを,
STR_89_74F,おこなうことか゛て゛きません。,おこなうことか゛て゛きません。,
STR_89_768,つうしんケーフ゛ルを,つうしんケーフ゛ルを,
STR_89_778,こ゛かくにんのうえ、,こ゛かくにんのうえ、,
STR_89_78C,はし゛めから,はし゛めから,
STR_89_798,やりなおしてくた゛さい。,やりなおしてくた゛さい。,
STR_89_80F,トレート゛,トレート゛,
STR_89_817,ゆす゛る,ゆす゛る,
STR_89_81E,ひきとる,ひきとる,
STR_89_825,やめる,やめる,
STR_89_88A,ハ゛ク゛やアイテムを\こうかんします,ハ゛ク゛やアイテムを\こうかんします,
STR_89_8B0,ハ゛ク゛やアイテムを\あいてにわたします,ハ゛ク゛やアイテムを\あいてにわたします,
STR_89_8D8,ハ゛ク゛やアイテムを\あいてからひきとります,ハ゛ク゛やアイテムを\あいてからひきとります,
STR_89_902,こうかんをやめます,こうかんをやめます,
STR_89_A51,ハ゛ク゛,ハ゛ク゛,
STR_89_A58,チッフ゜,チッフ゜,
STR_89_A5F,ツール,ツール,
STR_89_A65,やめる,やめる,
STR_89_D73,ハ゛ク゛か゛もちきれません,ハ゛ク゛か゛もちきれません,
STR_89_DE3,チッフ゜か゛もちきれません,チッフ゜か゛もちきれません,
STR_89_E5F,ツールか゛もちきれません,ツールか゛もちきれません,
STR_89_F79,こうかんしました!,こうかんしました!,
STR_89_FA6,あいてから\おうとうか゛ありません。,あいてから\おうとうか゛ありません。,
STR_89_FC2,つうしんか゛きれました,つうしんか゛きれました,
STR_89_1106,このハ゛ク゛て゛いいて゛すか?,このハ゛ク゛て゛いいて゛すか?,
STR_89_1271,このチッフ゜はこうかんて゛きません。,このチッフ゜はこうかんて゛きません。,
STR_89_12B1,このチッフ゜て゛いいて゛すか?,このチッフ゜て゛いいて゛すか?,
STR_89_141C,このツールはこうかんて゛きません,このツールはこうかんて゛きません,
STR_89_145A,このツールて゛いいて゛すか?,このツールて゛いいて゛すか?,
STR_89_14B2,トレート゛しますか?,トレート゛しますか?,
STR_89_14C2,トレート゛しますか?,トレート゛しますか?,
STR_89_14D3,トレート゛しますか?,トレート゛しますか?,
STR_89_14E4,ゆす゛りますか?,ゆす゛りますか?,
STR_89_14F2,ゆす゛りますか?,ゆす゛りますか?,
STR_89_1502,ひきとるし゛ゅんひ゛をしています。,ひきとるし゛ゅんひ゛をしています。,
STR_89_1519,しは゛らくおまちくた゛さい。,しは゛らくおまちくた゛さい。,
STR_89_152D,つうしんに しっは゜いしました。,つうしんに しっは゜いしました。,
STR_89_1543,つうしんケーフ゛ルを,つうしんケーフ゛ルを,
STR_89_1553,こ゛かくにんのうえ、,こ゛かくにんのうえ、,
STR_89_1563,はし゛めから,はし゛めから,
STR_89_156F,やりなおしてくた゛さい。,やりなおしてくた゛さい。,
STR_89_1582,トレート゛ちゅうて゛す。,トレート゛ちゅうて゛す。,
STR_89_1594,しは゛らくおまちくた゛さい。,しは゛らくおまちくた゛さい。,
STR_89_15A8,つうしんに しっは゜いしました。,つうしんに しっは゜いしました。,
STR_89_15BE,つうしんケーフ゛ルを,つうしんケーフ゛ルを,
STR_89_15CE,こ゛かくにんのうえ、,こ゛かくにんのうえ、,
STR_89_15DE,はし゛めから,はし゛めから,
STR_89_15EA,やりなおしてくた゛さい。,やりなおしてくた゛さい。,
STR_89_15FD,つうしんちゅうて゛す。,つうしんちゅうて゛す。,
STR_89_160E,しは゛らくおまちくた゛さい。,しは゛らくおまちくた゛さい。,
STR_89_1622,つうしんに しっは゜いしました。,つうしんに しっは゜いしました。,
STR_89_1638,つうしんケーフ゛ルを,つうしんケーフ゛ルを,
STR_89_1648,こ゛かくにんのうえ、,こ゛かくにんのうえ、,
STR_89_1658,はし゛めから,はし゛めから,
STR_89_1664,やりなおしてくた゛さい。,やりなおしてくた゛さい。,
STR_89_1676,これいし゛ょう,これいし゛ょう,
STR_89_1683,もつことか゛て゛きません。,もつことか゛て゛きません。,
STR_89_1696,あきをつくってから,あきをつくってから,
STR_89_16A5,やりなおしてくた゛さい。,やりなおしてくた゛さい。,
STR_89_16B8,つうしんに せいこうしました。,つうしんに せいこうしました。,
STR_89_16CD,つつ゛けて つうしんこうかんを,つつ゛けて つうしんこうかんを,
STR_89_16E2,おこないますか?,おこないますか?,
,,,
STR_8A_87,ウェルテ゛ハイト゛へい\,ウェルテ゛ハイト゛へい\,
STR_8A_99,「アミラント゛はすて゛に,「アミラント゛はすて゛に,
STR_8A_AF, ウェルテ゛ハイト゛の\, ウェルテ゛ハイト゛の\,
STR_8A_C1, りょうちた゛, りょうちた゛,
STR_8A_D2, て゛ていけ!」, て゛ていけ!」,
STR_8A_1B4,ウェルテ゛ハイト゛へい\,ウェルテ゛ハイト゛へい\,
STR_8A_1C6,「シーラント゛はすて゛に,「シーラント゛はすて゛に,
STR_8A_1DC, ウェルテ゛ハイト゛の\, ウェルテ゛ハイト゛の\,
STR_8A_1EE, りょうちた゛, りょうちた゛,
STR_8A_1FF, て゛ていけ!」, て゛ていけ!」,
STR_8A_2E1,ウェルテ゛ハイト゛へい\,ウェルテ゛ハイト゛へい\,
STR_8A_2F3,「エアラント゛はすて゛に,「エアラント゛はすて゛に,
STR_8A_309, ウェルテ゛ハイト゛の\, ウェルテ゛ハイト゛の\,
STR_8A_31B, りょうちた゛, りょうちた゛,
STR_8A_32C, て゛ていけ!」, て゛ていけ!」,
STR_8A_40E,ウェルテ゛ハイト゛へい\,ウェルテ゛ハイト゛へい\,
STR_8A_420,「おまえか?,「おまえか?,
STR_8A_430, おれたちのし゛ゃまを\, おれたちのし゛ゃまを\,
STR_8A_442, するやつは?」, するやつは?」,
STR_8A_524,ウェルテ゛ハイト゛へい\,ウェルテ゛ハイト゛へい\,
STR_8A_536,「ここをとおりたかったら,「ここをとおりたかったら,
STR_8A_54C, オレをたおすんた゛な」, オレをたおすんた゛な」,
,,,
STR_8B_BA,ははおや\,ははおや\,
STR_8B_C5,「そうそう,「そうそう,
STR_8B_D4, おとうさんから、\, おとうさんから、\,
STR_8B_E4, たくはいひ゛んか゛, たくはいひ゛んか゛,
STR_8B_F8, とと゛いているわよ\, とと゛いているわよ\,
STR_8B_10D, 2かいの しょさいに\, 2かいの しょさいに\,
STR_8B_11F, おいてあるわ, おいてあるわ,
STR_8B_130, ユイちゃんと あそんた゛, ユイちゃんと あそんた゛,
STR_8B_143, あとて゛いいから, あとて゛いいから,
STR_8B_156, あとて゛\, あとて゛\,
STR_8B_162, あけてみてね」, あけてみてね」,
STR_8B_171,ははおや\,ははおや\,
STR_8B_17C,「ほんとに,「ほんとに,
STR_8B_18B, [name]は\, [name]は\,
STR_8B_195, ねおきか゛わるいわねェ」, ねおきか゛わるいわねェ」,
STR_8B_1A9,ははおや\,ははおや\,
STR_8B_1B4,「きょうは しゅくた゛い,「きょうは しゅくた゛い,
STR_8B_1CA, ちゃんと やったの?」, ちゃんと やったの?」,
STR_8B_1DD,ははおや\,ははおや\,
STR_8B_1E8,「きのう、,「きのう、,
STR_8B_1F7, しゅくた゛いを\, しゅくた゛いを\,
STR_8B_206, わすれたんた゛って?, わすれたんた゛って?,
STR_8B_21B, ユイちゃんから\, ユイちゃんから\,
STR_8B_22A, きいたわよ。, きいたわよ。,
STR_8B_23B, しゅくた゛いか゛\, しゅくた゛いか゛\,
STR_8B_24B, おわってから, おわってから,
STR_8B_25C, あそひ゛に\, あそひ゛に\,
STR_8B_269, いくのよ」, いくのよ」,
STR_8B_276,ははおや\,ははおや\,
STR_8B_281,「きのうから,「きのうから,
STR_8B_291, テレヒ゛や て゛んわの\, テレヒ゛や て゛んわの\,
STR_8B_2A4, ちょうしか゛, ちょうしか゛,
STR_8B_2B5, おかしいのよ」, おかしいのよ」,
STR_8B_2C4,ははおや\,ははおや\,
STR_8B_2CF,「きのうから、,「きのうから、,
STR_8B_2E0, テレヒ゛や\, テレヒ゛や\,
STR_8B_2ED, けいたいて゛んわの, けいたいて゛んわの,
STR_8B_301, ちょうしか゛\, ちょうしか゛\,
STR_8B_30F, おかしいの。, おかしいの。,
STR_8B_320, [name]、\, [name]、\,
STR_8B_32A, わるいけと゛, わるいけと゛,
STR_8B_33B, ほうそうセンターに\, ほうそうセンターに\,
STR_8B_34C, いって、し゛し゛ょうを, いって、し゛し゛ょうを,
STR_8B_362, きいてきてくれない?, きいてきてくれない?,
STR_8B_377, ほうそうセンターは\, ほうそうセンターは\,
STR_8B_388, まちはす゛れの, まちはす゛れの,
STR_8B_39A, きたのやまの\, きたのやまの\,
STR_8B_3A8, ふもとにあるわ」, ふもとにあるわ」,
STR_8B_3B8,ははおや\,ははおや\,
STR_8B_3C3,「おとうさんも,「おとうさんも,
STR_8B_3D4, れんらくか゛\, れんらくか゛\,
STR_8B_3E2, とれないし、, とれないし、,
STR_8B_3F3, と゛うすれは゛\, と゛うすれは゛\,
STR_8B_402, いいの?」, いいの?」,
STR_8B_40F,ははおや\,ははおや\,
STR_8B_41A,「いえには゛かり,「いえには゛かり,
STR_8B_42C, いないて゛\, いないて゛\,
STR_8B_439, そとて゛, そとて゛,
STR_8B_448, あそんて゛らっしゃい」, あそんて゛らっしゃい」,
,,,
STR_8C_87,ユイ\,ユイ\,
STR_8C_90,「あ、コ゛メンね。,「あ、コ゛メンね。,
STR_8C_A3, きょう あそへ゛なく\, きょう あそへ゛なく\,
STR_8C_B5, なっちゃった。, なっちゃった。,
STR_8C_C7, さいきん\, さいきん\,
STR_8C_D3, インターネットに, インターネットに,
STR_8C_E6, こってて\, こってて\,
STR_8C_F2, いそか゛しいの。, いそか゛しいの。,
STR_8C_105, このモハ゛イルと\, このモハ゛イルと\,
STR_8C_115, ハ゛イサ゛ーて゛, ハ゛イサ゛ーて゛,
STR_8C_128, ハ゛ク゛サイトに\, ハ゛ク゛サイトに\,
STR_8C_138, タ゛イフ゛て゛きるのよ!, タ゛イフ゛て゛きるのよ!,
STR_8C_14F, え?\, え?\,
STR_8C_159, ハ゛ク゛サイト?, ハ゛ク゛サイト?,
STR_8C_16C, インターネットのなかの, インターネットのなかの,
STR_8C_17E, せかいのことを、, せかいのことを、,
STR_8C_191, ハ゛ク゛サイトって\, ハ゛ク゛サイトって\,
STR_8C_1A2, いうのよ。, いうのよ。,
STR_8C_1B2, ハ゛ク゛サイトて゛はね, ハ゛ク゛サイトて゛はね,
STR_8C_1C4, ハッカーのひとたちか゛, ハッカーのひとたちか゛,
STR_8C_1DA, ハ゛ク゛を つかって\, ハ゛ク゛を つかって\,
STR_8C_1EC, いろんなことをしてるの!, いろんなことをしてるの!,
STR_8C_203, カ゛ーテ゛ィアン\, カ゛ーテ゛ィアン\,
STR_8C_213, っていう、, っていう、,
STR_8C_223, ハ゛ク゛サイトを\, ハ゛ク゛サイトを\,
STR_8C_233, まもっている, まもっている,
STR_8C_244, ひとたちも\, ひとたちも\,
STR_8C_251, いるのよ。, いるのよ。,
STR_8C_261, たしか\, たしか\,
STR_8C_26C, あなたの おウチにも, あなたの おウチにも,
STR_8C_281, ハ゜ソコンか゛\, ハ゜ソコンか゛\,
STR_8C_290, あったわよね?, あったわよね?,
STR_8C_2A2, ネットタ゛イフ゛\, ネットタ゛イフ゛\,
STR_8C_2B2, て゛きるかもね」, て゛きるかもね」,
STR_8C_2DB,ユイ\,ユイ\,
STR_8C_2E4,「おはよう!,「おはよう!,
STR_8C_2F4, キ゛リキ゛りセーフね\, キ゛リキ゛りセーフね\,
STR_8C_306, わたしのメールの, わたしのメールの,
STR_8C_319, おかけ゛ね, おかけ゛ね,
STR_8C_329, か゛っこうをかんりする\, か゛っこうをかんりする\,
STR_8C_33C, コンヒ゜ューターか゛, コンヒ゜ューターか゛,
STR_8C_351, と゛うも\, と゛うも\,
STR_8C_35D, おかしくなっちゃった, おかしくなっちゃった,
STR_8C_372, みたい。\, みたい。\,
STR_8C_37E, カキ゛か゛あかないの」, カキ゛か゛あかないの」,
STR_8C_3AA,ユイ\,ユイ\,
STR_8C_3B3,「ねえねえねえ,「ねえねえねえ,
STR_8C_3C4, きいたきいた?, きいたきいた?,
STR_8C_3D6, なんた゛か みなとか゛\, なんた゛か みなとか゛\,
STR_8C_3E9, すこ゛いことに, すこ゛いことに,
STR_8C_3FB, なってるみたいよ、\, なってるみたいよ、\,
STR_8C_40C, いってみたら?, いってみたら?,
STR_8C_434,ユイ\,ユイ\,
STR_8C_43D,「ムリしないて゛ね」,「ムリしないて゛ね」,
STR_8C_467,ユイ\,ユイ\,
STR_8C_470,「ウフフ,「ウフフ,
STR_8C_47E, [name]\, [name]\,
STR_8C_487, くん、, くん、,
STR_8C_495, なんかきゅうに\, なんかきゅうに\,
STR_8C_4A4, かっこよくなったね, かっこよくなったね,
STR_8C_4B8, ウフフ」, ウフフ」,
 ,,,
STR_8D_74,ユイのハ゜ハ゜\,ユイのハ゜ハ゜\,
STR_8D_82,「うちのユイと,「うちのユイと,
STR_8D_93, なかよくしてくれよ」, なかよくしてくれよ」,
STR_8D_BE,ユイのハ゜ハ゜\,ユイのハ゜ハ゜\,
STR_8D_CC,「ほうそうセンターかい?,「ほうそうセンターかい?,
STR_8D_E2, ひた゛りにある\, ひた゛りにある\,
STR_8D_F1, わきみちから いけるよ, わきみちから いけるよ,
STR_8D_107, て゛も あふ゛ないから\, て゛も あふ゛ないから\,
STR_8D_11A, はいらないようにね」, はいらないようにね」,
STR_8D_145,ユイのハ゜ハ゜\,ユイのハ゜ハ゜\,
STR_8D_153,「[name]くん,「[name]くん,
STR_8D_161, たいへんな\, たいへんな\,
STR_8D_16E, ことになったよ, ことになったよ,
STR_8D_180, うちのユイか゛\, うちのユイか゛\,
STR_8D_18F, なにものかに, なにものかに,
STR_8D_1A0, さらわれたんた゛」, さらわれたんた゛」,
STR_8D_1CA,ユイのハ゜ハ゜\,ユイのハ゜ハ゜\,
STR_8D_1D8,「[name]くん,「[name]くん,
STR_8D_1E6, ユイを\, ユイを\,
STR_8D_1F1, よろしくたのむよ」, よろしくたのむよ」,
,,,
STR_8E_D3,カ゛ート゛マン\,カ゛ート゛マン\,
STR_8E_E1,「ふ゛か゛いしゃは,「ふ゛か゛いしゃは,
STR_8E_F4, たちいりきんした゛。, たちいりきんした゛。,
STR_8E_109, とおすわけには\, とおすわけには\,
STR_8E_118, いかない, いかない,
STR_8E_127, もし、\, もし、\,
STR_8E_132, とおりたいのなら, とおりたいのなら,
STR_8E_145, ちからす゛くて゛\, ちからす゛くて゛\,
STR_8E_155, とおってみろ!」, とおってみろ!」,
STR_8E_1DB,カ゛ート゛マン\,カ゛ート゛マン\,
STR_8E_1E9,「まけた・・・。\,「まけた・・・。\,
STR_8E_1FC, カ゛ート゛マン\, カ゛ート゛マン\,
STR_8E_20B, しっかくた゛・・・」, しっかくた゛・・・」,
STR_8E_236,カ゛ート゛マン\,カ゛ート゛マン\,
STR_8E_244,「ここを,「ここを,
STR_8E_252, とおすわけには\, とおすわけには\,
STR_8E_261, いかない!」, いかない!」,
STR_8E_2E5,カ゛ート゛マン\,カ゛ート゛マン\,
STR_8E_2F3,「まけた・・・。,「まけた・・・。,
STR_8E_305, カ゛ート゛マン\, カ゛ート゛マン\,
STR_8E_314, しっかくた゛・・・」, しっかくた゛・・・」,
STR_8E_33F,カ゛ート゛マン\,カ゛ート゛マン\,
STR_8E_34D,「はやくたおして、,「はやくたおして、,
STR_8E_360, かえりたいせ゛」, かえりたいせ゛」,
STR_8E_3E6,カ゛ート゛マン\,カ゛ート゛マン\,
STR_8E_3F4,「オレか゛,「オレか゛,
STR_8E_403, たおされちゃった\, たおされちゃった\,
STR_8E_413, ・・・」, ・・・」,
STR_8E_438,カ゛ート゛マン\,カ゛ート゛マン\,
STR_8E_446,「おれの,「おれの,
STR_8E_454, マッチョハ゛ク゛と\, マッチョハ゛ク゛と\,
STR_8E_465, ショーフ゛, ショーフ゛,
STR_8E_475, しようってのかい!」, しようってのかい!」,
STR_8E_4FD,カ゛ート゛マン\,カ゛ート゛マン\,
STR_8E_50B,「オレの,「オレの,
STR_8E_519, マッチョハ゛ク゛\, マッチョハ゛ク゛\,
STR_8E_529, か゛ぁ・・・」, か゛ぁ・・・」,
STR_8E_551,ウェルテ゛ハイト゛\,ウェルテ゛ハイト゛\,
STR_8E_561,「おまえ、,「おまえ、,
STR_8E_570, カ゛ーテ゛ィアンか\, カ゛ーテ゛ィアンか\,
STR_8E_581, ここまて゛た゛な」, ここまて゛た゛な」,
STR_8E_665,ウェルテ゛ハイト゛\,ウェルテ゛ハイト゛\,
STR_8E_675,「ウェルテ゛ハイト゛を,「ウェルテ゛ハイト゛を,
STR_8E_68A, あまくみるな!」, あまくみるな!」,
STR_8E_76D,ウェルテ゛ハイト゛\,ウェルテ゛ハイト゛\,
STR_8E_77D,「おとなしく、ここから,「おとなしく、ここから,
STR_8E_792, ひきかえせ!」, ひきかえせ!」,
STR_8E_874,ウェルテ゛ハイト゛\,ウェルテ゛ハイト゛\,
STR_8E_884,「お?,「お?,
STR_8E_891, ケンカ\, ケンカ\,
STR_8E_89C, うろうってのか?, うろうってのか?,
STR_8E_8AF, かえりうちに\, かえりうちに\,
STR_8E_8BD, してやるせ゛!」, してやるせ゛!」,
STR_8E_9A0,ウェルテ゛ハイト゛\,ウェルテ゛ハイト゛\,
STR_8E_9B0,「これからは,「これからは,
STR_8E_9C0, ウェルテ゛ハイト゛の\, ウェルテ゛ハイト゛の\,
STR_8E_9D2, し゛た゛いさ, し゛た゛いさ,
STR_8E_9E3, おまえら、\, おまえら、\,
STR_8E_9F0, カ゛ーテ゛ィアンは, カ゛ーテ゛ィアンは,
STR_8E_A04, もうおしまいさ!」, もうおしまいさ!」,
,,,
STR_8F_D3,コックリ\,コックリ\,
STR_8F_DE,「このヒ゛ルに,「このヒ゛ルに,
STR_8F_EF, はいれるとは\, はいれるとは\,
STR_8F_FD, なかなかやるな!, なかなかやるな!,
STR_8F_110, しょうふ゛た゛!」, しょうふ゛た゛!」,
STR_8F_197,コックリ\,コックリ\,
STR_8F_1A2,「いいカモの,「いいカモの,
STR_8F_1B2, はす゛た゛った\, はす゛た゛った\,
STR_8F_1C1, のに・・・」, のに・・・」,
STR_8F_1E8,ハ゛ンハ゛ン\,ハ゛ンハ゛ン\,
STR_8F_1F5,「おれさまし゛まんの,「おれさまし゛まんの,
STR_8F_209, ハ゛ク゛を\, ハ゛ク゛を\,
STR_8F_216, たおせるかな?, たおせるかな?,
STR_8F_228, ショーフ゛た゛!」, ショーフ゛た゛!」,
STR_8F_2AF,ハ゛ンハ゛ン\,ハ゛ンハ゛ン\,
STR_8F_2BC,「たおせなかったのねェ,「たおせなかったのねェ,
STR_8F_2D1, おなかか゛\, おなかか゛\,
STR_8F_2DE, すいてたのかなァ」, すいてたのかなァ」,
STR_8F_308,ヤケ゛\,ヤケ゛\,
STR_8F_312,「ヘイ、ホ゛ーイ,「ヘイ、ホ゛ーイ,
STR_8F_324, オレサマに\, オレサマに\,
STR_8F_331, かてるかな?」, かてるかな?」,
STR_8F_33F, , ,
STR_8F_3BD,ヤケ゛\,ヤケ゛\,
STR_8F_3C7,「ヘイヘイヘイ、,「ヘイヘイヘイ、,
STR_8F_3D9, オレサマのマケた゛せ゛」, オレサマのマケた゛せ゛」,
STR_8F_406,サッキィ\,サッキィ\,
STR_8F_411,「シ゛ロシ゛ロ,「シ゛ロシ゛ロ,
STR_8F_422, みてんし゛ゃねーそ゛\, みてんし゛ゃねーそ゛\,
STR_8F_434, やるってのか!」, やるってのか!」,
STR_8F_4BA,サッキィ\,サッキィ\,
STR_8F_4C5,「まけたんた゛から,「まけたんた゛から,
STR_8F_4D8, シ゛ロシ゛ロ\, シ゛ロシ゛ロ\,
STR_8F_4E6, みるなよ」, みるなよ」,
STR_8F_50C,カツ\,カツ\,
STR_8F_515,「ハ゛ク゛と゛うを,「ハ゛ク゛と゛うを,
STR_8F_528, きわめるため\, きわめるため\,
STR_8F_536, おぬしと, おぬしと,
STR_8F_545, ショーフ゛た゛!」, ショーフ゛た゛!」,
STR_8F_5CC,カツ\,カツ\,
STR_8F_5D5,「また゛また゛\,「また゛また゛\,
STR_8F_5E7, しゅき゛ょうか゛\, しゅき゛ょうか゛\,
STR_8F_5F7, たりぬようた゛, たりぬようた゛,
STR_8F_609, むねん!」, むねん!」,
STR_8F_62F,シミシミ\,シミシミ\,
STR_8F_63A,「わたし、,「わたし、,
STR_8F_649, これからコ゛ーコンなの, これからコ゛ーコンなの,
STR_8F_65B, はやくやりましょ」, はやくやりましょ」,
STR_8F_6E2,シミシミ\,シミシミ\,
STR_8F_6ED,「コ゛ーコンに,「コ゛ーコンに,
STR_8F_6FE, ちこくするーッ」, ちこくするーッ」,
STR_8F_727,コッコ\,コッコ\,
STR_8F_731,「オレ、タタカウ,「オレ、タタカウ,
STR_8F_743, オマエモ、\, オマエモ、\,
STR_8F_750, タタカウ」, タタカウ」,
STR_8F_7D3,コッコ\,コッコ\,
STR_8F_7DD,「クヤシイ・・・」,「クヤシイ・・・」,
STR_8F_806,シ゛ュッヘ゜\,シ゛ュッヘ゜\,
STR_8F_813,「おまえ、,「おまえ、,
STR_8F_822, いいハ゛ク゛\, いいハ゛ク゛\,
STR_8F_830, もってんし゛ゃん, もってんし゛ゃん,
STR_8F_843, て゛もアタシのほうか゛, て゛もアタシのほうか゛,
STR_8F_855, いいハ゛ク゛た゛ね。, いいハ゛ク゛た゛ね。,
STR_8F_86A, しょうふ゛た゛な!」, しょうふ゛た゛な!」,
STR_8F_8F2,シ゛ュッヘ゜\,シ゛ュッヘ゜\,
STR_8F_8FF,「ク、クヤシー」,「ク、クヤシー」,
STR_8F_927,ウッキィ\,ウッキィ\,
STR_8F_932,「あたいと,「あたいと,
STR_8F_941, しょうふ゛するっての?, しょうふ゛するっての?,
STR_8F_953, シ゛ョートーし゛ゃん」, シ゛ョートーし゛ゃん」,
STR_8F_9DC,ウッキィ\,ウッキィ\,
STR_8F_9E7,「ほんとに,「ほんとに,
STR_8F_9F6, シ゛ョートーし゛ゃん」, シ゛ョートーし゛ゃん」,
,,,
STR_90_D3,トックリ\,トックリ\,
STR_90_DE,「ふつかよいか゛,「ふつかよいか゛,
STR_90_F0, こわくて、\, こわくて、\,
STR_90_FD, ハッカーやれるか!, ハッカーやれるか!,
STR_90_111, いくそ゛!」, いくそ゛!」,
STR_90_195,トックリ\,トックリ\,
STR_90_1A0,「ハ゛トルは,「ハ゛トルは,
STR_90_1B0, シラフし゛ゃなきゃ\, シラフし゛ゃなきゃ\,
STR_90_1C1, タ゛メか・・・」, タ゛メか・・・」,
STR_90_1EA,ツームラ\,ツームラ\,
STR_90_1F5,「ウチのハ゛ク゛は,「ウチのハ゛ク゛は,
STR_90_208, えいようか゛いいから\, えいようか゛いいから\,
STR_90_21A, つよいそ゛!」, つよいそ゛!」,
STR_90_29F,ツームラ\,ツームラ\,
STR_90_2AA,「あさこ゛はんぬきは,「あさこ゛はんぬきは,
STR_90_2BE, ちょっとムホ゛ウ\, ちょっとムホ゛ウ\,
STR_90_2CE, た゛ったかな・・・」, た゛ったかな・・・」,
STR_90_2F9,ヤノッチ\,ヤノッチ\,
STR_90_304,「オイオイオイ,「オイオイオイ,
STR_90_315, オレサマに かてると\, オレサマに かてると\,
STR_90_327, おもってるワケ?, おもってるワケ?,
STR_90_33A, そんなワケねーわな」, そんなワケねーわな」,
STR_90_3C2,ヤノッチ\,ヤノッチ\,
STR_90_3CD,「オイオイオイ、,「オイオイオイ、,
STR_90_3DF, オレサマの\, オレサマの\,
STR_90_3EC, マケた゛せ゛」, マケた゛せ゛」,
STR_90_414,テ゛ク\,テ゛ク\,
STR_90_41E,「オレ、,「オレ、,
STR_90_42C, テ゛クって\, テ゛クって\,
STR_90_439, いうんた゛けと゛, いうんた゛けと゛,
STR_90_44C, テ゛クノホ゛ウし゛ゃ\, テ゛クノホ゛ウし゛ゃ\,
STR_90_45E, ないそ゛」, ないそ゛」,
STR_90_4E1,テ゛ク\,テ゛ク\,
STR_90_4EB,「やっは゜り,「やっは゜り,
STR_90_4FB, テ゛クノホ゛ウ\, テ゛クノホ゛ウ\,
STR_90_50A, かな・・・」, かな・・・」,
STR_90_531,スキ゛スキ゛\,スキ゛スキ゛\,
STR_90_53E,「あら?,「あら?,
STR_90_54C, わたしに\, わたしに\,
STR_90_558, なにかよう?, なにかよう?,
STR_90_569, えっ\, えっ\,
STR_90_573, ショーフ゛したいの, ショーフ゛したいの,
STR_90_587, しょーか゛ない\, しょーか゛ない\,
STR_90_596, わねェ」, わねェ」,
STR_90_618,スキ゛スキ゛\,スキ゛スキ゛\,
STR_90_625,「あんたいか゛いと,「あんたいか゛いと,
STR_90_638, つよいのねェ」, つよいのねェ」,
STR_90_660,ハ゜ックリ\,ハ゜ックリ\,
STR_90_66C,「ムシャムシャムシャ、,「ムシャムシャムシャ、,
STR_90_681, いま\, いま\,
STR_90_68B, しょくし゛ちゅうた゛!, しょくし゛ちゅうた゛!,
STR_90_6A1, し゛ゃまするやつは\, し゛ゃまするやつは\,
STR_90_6B2, ゆるさんそ゛!」, ゆるさんそ゛!」,
STR_90_738,ハ゜ックリ\,ハ゜ックリ\,
STR_90_744,「たへ゛すき゛みたい,「たへ゛すき゛みたい,
STR_90_758, ちょっと\, ちょっと\,
STR_90_764, タ゛イエットしよう」, タ゛イエットしよう」,
STR_90_78F,クーチャ\,クーチャ\,
STR_90_79A,「このふくにあう?,「このふくにあう?,
STR_90_7AD, ことしのはやりよ\, ことしのはやりよ\,
STR_90_7BD, きす゛つけたら、, きす゛つけたら、,
STR_90_7D0, しょーちしないわよ\, しょーちしないわよ\,
STR_90_7E1, はやくやりましょ」, はやくやりましょ」,
STR_90_868,クーチャ\,クーチャ\,
STR_90_873,「あーあ,「あーあ,
STR_90_881, せっかくかったのに\, せっかくかったのに\,
STR_90_892, シワた゛らけ・・・, シワた゛らけ・・・,
STR_90_8A6, クスン」, クスン」,
STR_90_8CB,キムチ\,キムチ\,
STR_90_8D5,「おれっちのハ゛ク゛は,「おれっちのハ゛ク゛は,
STR_90_8EA, ほかとは\, ほかとは\,
STR_90_8F6, ちょいと ちか゛うせ゛」, ちょいと ちか゛うせ゛」,
STR_90_980,キムチ\,キムチ\,
STR_90_98A,「ちっとも,「ちっとも,
STR_90_999, ちか゛わなかったのね」, ちか゛わなかったのね」,
STR_90_9C5,イカリン\,イカリン\,
STR_90_9D0,「ここのムホウモノたちは,「ここのムホウモノたちは,
STR_90_9E6, けっこう\, けっこう\,
STR_90_9F2, つよいて゛しょ?, つよいて゛しょ?,
STR_90_A05, て゛もワタシか゛\, て゛もワタシか゛\,
STR_90_A15, いちは゛んよ!」, いちは゛んよ!」,
STR_90_A9B,イカリン\,イカリン\,
STR_90_AA6,「あんたか゛,「あんたか゛,
STR_90_AB6, いちは゛んた゛わ」, いちは゛んた゛わ」,
,,,
STR_91_61,ユイからの\,ユイからの\,
STR_91_6D,メールをし゛ゅしんしました,メールをし゛ゅしんしました,
STR_91_99,ユイ\,ユイ\,
STR_91_A2,「[name]くん,「[name]くん,
STR_91_B0, よりみちしてると\, よりみちしてると\,
STR_91_C0, ちこくしちゃうよ」, ちこくしちゃうよ」,
STR_91_EA,ユイからの\,ユイからの\,
STR_91_F6,メールをし゛ゅしんしました,メールをし゛ゅしんしました,
STR_91_122,ユイ\,ユイ\,
STR_91_12B,「[name]くん,「[name]くん,
STR_91_139, はやく\, はやく\,
STR_91_144, ほうそうセンターへ, ほうそうセンターへ,
STR_91_158, いってあけ゛て\, いってあけ゛て\,
STR_91_167,ハ゜ハ゜おなか,ハ゜ハ゜おなか,
STR_91_178,ヘ゜コヘ゜コなのよ」,ヘ゜コヘ゜コなのよ」,
STR_91_1A2,ユイからの\,ユイからの\,
STR_91_1AE,メールをし゛ゅしんしました,メールをし゛ゅしんしました,
STR_91_1DA,ユイ\,ユイ\,
STR_91_1E3,「たすけてーッ!!」,「たすけてーッ!!」,
,,,
STR_92_4E,リースレンからの\,リースレンからの\,
STR_92_5D,メールをし゛ゅしんしました,メールをし゛ゅしんしました,
STR_92_89,リースレン\,リースレン\,
STR_92_95,「[name]!,「[name]!,
STR_92_A2, ふ゛し゛か?, ふ゛し゛か?,
STR_92_B3, まえに\, まえに\,
STR_92_BE, ウェルテ゛ハイト゛の, ウェルテ゛ハイト゛の,
STR_92_D3, かんふ゛か゛いた\, かんふ゛か゛いた\,
STR_92_E3, は゛しょの おくに、, は゛しょの おくに、,
STR_92_F8, ウェルテ゛ハイト゛の\, ウェルテ゛ハイト゛の\,
STR_92_10A, してんのうの ひとりか゛, してんのうの ひとりか゛,
STR_92_121, いるらしい。\, いるらしい。\,
STR_92_12F, きをつけろよ!」, きをつけろよ!」,
STR_92_158,リースレンからの\,リースレンからの\,
STR_92_167,メールをし゛ゅしんしました,メールをし゛ゅしんしました,
STR_92_193,リースレン\,リースレン\,
STR_92_19F,「[name],「[name],
STR_92_1AB, そこのシールト゛の\, そこのシールト゛の\,
STR_92_1BC, へやた゛けと゛, へやた゛けと゛,
STR_92_1CE, シールト゛を あけると, シールト゛を あけると,
STR_92_1E0, かならす゛, かならす゛,
STR_92_1F0, ハ゛トルに なるから\, ハ゛トルに なるから\,
STR_92_202, きをつけろ!, きをつけろ!,
STR_92_213, あっ、そうそう, あっ、そうそう,
STR_92_225, シールト゛にかいてある, シールト゛にかいてある,
STR_92_237, すうし゛は、, すうし゛は、,
STR_92_248, て゛てくるハ゛ク゛の\, て゛てくるハ゛ク゛の\,
STR_92_25A, かす゛をあらわしている, かす゛をあらわしている,
STR_92_270, シールト゛のいろは, シールト゛のいろは,
STR_92_280, ハ゛ク゛のメーカーた゛, ハ゛ク゛のメーカーた゛,
STR_92_296, てもちのハ゛ク゛との\, てもちのハ゛ク゛との\,
STR_92_2A8, あいしょうを, あいしょうを,
STR_92_2B9, よくかんか゛えてから\, よくかんか゛えてから\,
STR_92_2CB, シールト゛を, シールト゛を,
STR_92_2DC, あけたほうか゛\, あけたほうか゛\,
STR_92_2EB, いいそ゛」, いいそ゛」,
,,,
STR_93_D3,ムホウモノ・トコの\,ムホウモノ・トコの\,
STR_93_E3,メールを し゛ゅしんしました,メールを し゛ゅしんしました,
STR_93_110,トコ\,トコ\,
STR_93_119,「[name]くん,「[name]くん,
STR_93_127, け゛んきにしてる?, け゛んきにしてる?,
STR_93_13B, カミセンの\, カミセンの\,
STR_93_148, いいし゛ょうほうを, いいし゛ょうほうを,
STR_93_15C, きいたから、そっこう\, きいたから、そっこう\,
STR_93_16E, メールしたよ, メールしたよ,
STR_93_17F, カミセンは、\, カミセンは、\,
STR_93_18D, ハ゛ク゛を2たい, ハ゛ク゛を2たい,
STR_93_1A0, つかってくる\, つかってくる\,
STR_93_1AE, らしいよ」, らしいよ」,
STR_93_1D4,ムホウモノ・ウエニョンの\,ムホウモノ・ウエニョンの\,
STR_93_1E7,メールを し゛ゅしんしました,メールを し゛ゅしんしました,
STR_93_214,ウエニョン\,ウエニョン\,
STR_93_220,「[name]くん,「[name]くん,
STR_93_22E, そこのエレへ゛ーターの, そこのエレへ゛ーターの,
STR_93_240, し゛ょうほうを, し゛ょうほうを,
STR_93_252, しいれたのて゛\, しいれたのて゛\,
STR_93_261, メールしたせ゛, メールしたせ゛,
STR_93_273, せいかいは\, せいかいは\,
STR_93_280, ハートのかたちをした, ハートのかたちをした,
STR_93_295, エレヘ゛ーターた゛よ」, エレヘ゛ーターた゛よ」,
STR_93_2C1,ムホウモノ・オーチの\,ムホウモノ・オーチの\,
STR_93_2D2,メールを し゛ゅしんしました,メールを し゛ゅしんしました,
STR_93_2FF,オーチ\,オーチ\,
STR_93_309,「[name]くん,「[name]くん,
STR_93_317, か゛んは゛ってる\, か゛んは゛ってる\,
STR_93_327, ようて゛すわね。, ようて゛すわね。,
STR_93_33A, カミセンの\, カミセンの\,
STR_93_347, もちハ゛ク゛について, もちハ゛ク゛について,
STR_93_35C, おしらせしますわ。\, おしらせしますわ。\,
STR_93_36D, カミセンは、, カミセンは、,
STR_93_37E, FEのハ゛ク゛と\, FEのハ゛ク゛と\,
STR_93_38E, シ゛ャンクのハ゛ク゛を, シ゛ャンクのハ゛ク゛を,
STR_93_3A4, つかってくる\, つかってくる\,
STR_93_3B2, らしいわよ」, らしいわよ」,
STR_93_3D9,ムホウモノ・チクリの\,ムホウモノ・チクリの\,
STR_93_3EA,メールを し゛ゅしんしました,メールを し゛ゅしんしました,
STR_93_417,チクリ\,チクリ\,
STR_93_421,「[name]くん,「[name]くん,
STR_93_42F, このタ゛ンシ゛ョンの\, このタ゛ンシ゛ョンの\,
STR_93_441, し゛ょうほうを, し゛ょうほうを,
STR_93_453, しいれたから\, しいれたから\,
STR_93_461, チクるそ゛, チクるそ゛,
STR_93_471, このタ゛ンシ゛ョンは\, このタ゛ンシ゛ョンは\,
STR_93_483, みす゛を ぬかないと, みす゛を ぬかないと,
STR_93_498, さきに すすめない\, さきに すすめない\,
STR_93_4A9, らしいそ゛!, らしいそ゛!,
STR_93_4BA, みす゛をぬくスイッチを, みす゛をぬくスイッチを,
STR_93_4CC, さか゛すんた゛!」, さか゛すんた゛!」,
STR_93_4F6,ムホウモノ・ノンチの\,ムホウモノ・ノンチの\,
STR_93_507,メールを し゛ゅしんしました,メールを し゛ゅしんしました,
STR_93_534,ノンチ\,ノンチ\,
STR_93_53E,「[name]くん,「[name]くん,
STR_93_54C, このタ゛ンシ゛ョンに\, このタ゛ンシ゛ョンに\,
STR_93_55E, ウェルテ゛ハイト゛の, ウェルテ゛ハイト゛の,
STR_93_573, かんふ゛クラスのヤツか゛, かんふ゛クラスのヤツか゛,
STR_93_586, いるらしいわよ!, いるらしいわよ!,
STR_93_599, おなし゛かんふ゛て゛も, おなし゛かんふ゛て゛も,
STR_93_5AB, カミセンよりも, カミセンよりも,
STR_93_5BD, つよいらしいから\, つよいらしいから\,
STR_93_5CD, きをつけてね!, きをつけてね!,
STR_93_5DF, し゛ゃあねーッ!」, し゛ゃあねーッ!」,
STR_93_609,ムホウモノ・サオリンの\,ムホウモノ・サオリンの\,
STR_93_61B,メールを し゛ゅしんしました,メールを し゛ゅしんしました,
STR_93_648,サオリン\,サオリン\,
STR_93_653,「ハーイ,「ハーイ,
STR_93_661, FEヒ゛ルには\, FEヒ゛ルには\,
STR_93_670, ウェルテ゛ハイト゛の, ウェルテ゛ハイト゛の,
STR_93_685, してんのうのひとりか゛\, してんのうのひとりか゛\,
STR_93_698, いるらしいわよ, いるらしいわよ,
STR_93_6AA, かなりつよいらしいから\, かなりつよいらしいから\,
STR_93_6BD, きをつけてね」, きをつけてね」,
STR_93_6E5,ムホウモノ・アーチャンの\,ムホウモノ・アーチャンの\,
STR_93_6F8,メールを し゛ゅしんしました,メールを し゛ゅしんしました,
STR_93_725,アーチャン\,アーチャン\,
STR_93_731,「オウ、け゛んきか?,「オウ、け゛んきか?,
STR_93_745, シーラント゛にも\, シーラント゛にも\,
STR_93_755, ウェルテ゛ハイト゛の, ウェルテ゛ハイト゛の,
STR_93_76A, してんのうのひとり\, してんのうのひとり\,
STR_93_77B, フ゛ラフ゛か゛, フ゛ラフ゛か゛,
STR_93_78D, いるらしいそ゛\, いるらしいそ゛\,
STR_93_79C, ゆた゛んするなよ」, ゆた゛んするなよ」,
STR_93_7C6,ムホウモノ・カクエーの\,ムホウモノ・カクエーの\,
STR_93_7D8,メールを し゛ゅしんしました,メールを し゛ゅしんしました,
STR_93_805,カクエー\,カクエー\,
STR_93_810,「[name]くん,「[name]くん,
STR_93_81E, おくには\, おくには\,
STR_93_82A, ウェルテ゛ハイト゛の, ウェルテ゛ハイト゛の,
STR_93_83F, さいこ゛の してんのう, さいこ゛の してんのう,
STR_93_851, アルーミアか゛いる。, アルーミアか゛いる。,
STR_93_866, ほかの してんのうより, ほかの してんのうより,
STR_93_878, つよいから、, つよいから、,
STR_93_889, こころして\, こころして\,
STR_93_896, かかれよ!」, かかれよ!」,
STR_93_8BD,ムホウモノ・KKの\,ムホウモノ・KKの\,
STR_93_8CD,メールを し゛ゅしんしました,メールを し゛ゅしんしました,
STR_93_8FA,KK\,KK\,
STR_93_903,「[name]くん,「[name]くん,
STR_93_911, ここのホ゛スか゛\, ここのホ゛スか゛\,
STR_93_921, テ゛ヒ゛ルケ゛ートを, テ゛ヒ゛ルケ゛ートを,
STR_93_936, あける\, あける\,
STR_93_941, アイテムを, アイテムを,
STR_93_951, もっているらしいよ」, もっているらしいよ」,
,,,
STR_94_74,シーサファリエリアの\,シーサファリエリアの\,
STR_94_85,つりひ゛とからの,つりひ゛とからの,
STR_94_97,メールを し゛ゅしんしました,メールを し゛ゅしんしました,
STR_94_C4,「やあ\,「やあ\,
STR_94_CE, [name]くん, [name]くん,
STR_94_DC, シーサファリエリアの\, シーサファリエリアの\,
STR_94_EE, つりひ゛とた゛よ。, つりひ゛とた゛よ。,
STR_94_102, ハ゛ク゛か゛\, ハ゛ク゛か゛\,
STR_94_110, つれたから、, つれたから、,
STR_94_121, みにこいよ」, みにこいよ」,
STR_94_148,ワッハッハからの\,ワッハッハからの\,
STR_94_157,メールを し゛ゅしんしました,メールを し゛ゅしんしました,
STR_94_184,ワッハッハ\,ワッハッハ\,
STR_94_190,「やあ,「やあ,
STR_94_19D, ルカ゛ーほんふ゛に\, ルカ゛ーほんふ゛に\,
STR_94_1AE, ついたか?, ついたか?,
STR_94_1BE, ほんふ゛の\, ほんふ゛の\,
STR_94_1CB, いちは゛んさいしょの, いちは゛んさいしょの,
STR_94_1E0, へやにある\, へやにある\,
STR_94_1ED, ハ゜ソコンに, ハ゜ソコンに,
STR_94_1FE, エアサファリエリアと\, エアサファリエリアと\,
STR_94_210, エアテクノエリアの, エアテクノエリアの,
STR_94_224, ハ゜スワート゛か゛\, ハ゜スワート゛か゛\,
STR_94_235, あるから, あるから,
STR_94_244, わすれす゛に\, わすれす゛に\,
STR_94_252, とっておくようにな。, とっておくようにな。,
STR_94_267, それと\, それと\,
STR_94_272, ルカ゛ーほんふ゛には, ルカ゛ーほんふ゛には,
STR_94_287, しかけか゛あってな、\, しかけか゛あってな、\,
STR_94_299, スイッチを おすと, スイッチを おすと,
STR_94_2AD, へ゛つのマッフ゜に\, へ゛つのマッフ゜に\,
STR_94_2BE, きりかわるんし゛ゃ。, きりかわるんし゛ゃ。,
STR_94_2D3, としのせいか、\, としのせいか、\,
STR_94_2E2, と゛のスイッチを, と゛のスイッチを,
STR_94_2F5, おせは゛よいのか\, おせは゛よいのか\,
STR_94_305, わすれてしもうた。, わすれてしもうた。,
STR_94_319, マ、いろいろ\, マ、いろいろ\,
STR_94_327, ためしてみてくれ」, ためしてみてくれ」,
STR_94_351,チャコ\,チャコ\,
STR_94_35B,「あたいと,「あたいと,
STR_94_36A, タイマン\, タイマン\,
STR_94_376, はろうってのかい?」, はろうってのかい?」,
STR_94_3FE,チャコ\,チャコ\,
STR_94_408,「アタイのまけさ・・・」,「アタイのまけさ・・・」,
STR_94_43F,リースレン\,リースレン\,
STR_94_44B,「[name]!,「[name]!,
STR_94_458, アルーミアを\, アルーミアを\,
STR_94_466, たおしたんた゛な!, たおしたんた゛な!,
STR_94_47A, このおくか゛\, このおくか゛\,
STR_94_488, カ゛ルテ゛ンのいる, カ゛ルテ゛ンのいる,
STR_94_49C, タ゛ークキャッスルた゛, タ゛ークキャッスルた゛,
STR_94_4B2, いま、おまえか゛\, いま、おまえか゛\,
STR_94_4C2, てにいれた, てにいれた,
STR_94_4D2, チッフ゜、\, チッフ゜、\,
STR_94_4DF, タ゛ークロックを, タ゛ークロックを,
STR_94_4F2, ハ゛ク゛に\, ハ゛ク゛に\,
STR_94_4FF, そうひ゛させれは゛, そうひ゛させれは゛,
STR_94_513, テ゛ヒ゛ルケ゛ートか゛, テ゛ヒ゛ルケ゛ートか゛,
STR_94_525, ひらけるはす゛た゛」, ひらけるはす゛た゛」,
STR_94_544,リースレン\,リースレン\,
STR_94_550,「そこからさきか゛、,「そこからさきか゛、,
STR_94_564, カ゛ルテ゛ンのいる\, カ゛ルテ゛ンのいる\,
STR_94_575, タ゛ークキャッスルた゛, タ゛ークキャッスルた゛,
STR_94_58B, ゆた゛んするなよ!\, ゆた゛んするなよ!\,
STR_94_59C, [name]!」, [name]!」,
STR_94_5B4,リースレン\,リースレン\,
STR_94_5C0,「このこは,「このこは,
STR_94_5CF, オレか゛ふ゛し゛に\, オレか゛ふ゛し゛に\,
STR_94_5E0, とと゛けるから, とと゛けるから,
STR_94_5F2, あんしんして\, あんしんして\,
STR_94_600, おとうさんを, おとうさんを,
STR_94_611, たすけに\, たすけに\,
STR_94_61D, いってくれ!!」, いってくれ!!」,